Percentile	0.0	25.0	50.0	75.0	100.0	0.0	25.0	50.0	75.0	100.0	0.0	25.0	50.0	75.0	100.0	0.0	25.0	50.0	75.0	100.0	0.0	25.0	50.0	75.0	100.0	0.0	25.0	50.0	75.0	100.0
Group	01d	01d	01d	01d	01d	02d	02d	02d	02d	02d	05d	05d	05d	05d	05d	08d	08d	08d	08d	08d	15d	15d	15d	15d	15d	21d	21d	21d	21d	21d
D_0__Bacteria;D_1__Acidobacteria;D_2__Acidobacteriia;D_3__Solibacterales;D_4__Solibacteraceae (Subgroup 3)	1.0	1.0	1.0	1.0	12.0	1.0	1.0	1.0	1.0	1.0	1.0	1.0	1.0	1.0	12.0	1.0	1.0	1.0	1.0	5.0	1.0	1.0	1.0	1.0	1.0	1.0	1.0	1.0	1.0	1.0
D_0__Bacteria;D_1__Acidobacteria;D_2__Holophagae;D_3__Acanthopleuribacterales;D_4__Acanthopleuribacteraceae	1.0	1.0	1.0	1.0	21.0	1.0	1.0	1.0	1.0	1.0	1.0	1.0	1.0	1.0	13.0	1.0	1.0	1.0	1.0	19.0	1.0	1.0	1.0	1.0	9.0	1.0	1.0	1.0	4.5	19.0
D_0__Bacteria;D_1__Acidobacteria;D_2__Subgroup 22;Ambiguous_taxa;Ambiguous_taxa	1.0	1.0	1.0	1.0	13.0	1.0	1.0	1.0	1.0	3.0	1.0	1.0	1.0	1.0	1.0	1.0	1.0	1.0	1.0	1.0	1.0	1.0	1.0	1.0	1.0	1.0	1.0	1.0	1.0	1.0
D_0__Bacteria;D_1__Acidobacteria;D_2__Subgroup 22;D_3__uncultured Acidobacteria bacterium;D_4__uncultured Acidobacteria bacterium	1.0	1.0	1.0	1.0	3.0	1.0	1.0	1.0	1.0	1.0	1.0	1.0	1.0	1.0	1.0	1.0	1.0	1.0	1.0	1.0	1.0	1.0	1.0	1.0	1.0	1.0	1.0	1.0	1.0	1.0
D_0__Bacteria;D_1__Acidobacteria;D_2__Subgroup 22;D_3__uncultured bacterium;D_4__uncultured bacterium	1.0	1.0	1.0	1.0	9.0	1.0	1.0	1.0	1.0	1.0	1.0	1.0	1.0	1.0	1.0	1.0	1.0	1.0	1.0	1.0	1.0	1.0	1.0	1.0	1.0	1.0	1.0	1.0	1.0	1.0
D_0__Bacteria;D_1__Acidobacteria;D_2__Subgroup 22;__;__	1.0	1.0	1.0	1.75	21.0	1.0	1.0	1.0	1.0	1.0	1.0	1.0	1.0	1.0	6.0	1.0	1.0	1.0	1.0	10.0	1.0	1.0	1.0	1.0	1.0	1.0	1.0	1.0	1.0	1.0
D_0__Bacteria;D_1__Acidobacteria;D_2__Subgroup 26;D_3__uncultured Acidobacteria bacterium;D_4__uncultured Acidobacteria bacterium	1.0	1.0	1.0	1.0	8.0	1.0	1.0	1.0	1.0	1.0	1.0	1.0	1.0	1.0	1.0	1.0	1.0	1.0	1.0	1.0	1.0	1.0	1.0	1.0	1.0	1.0	1.0	1.0	1.0	1.0
D_0__Bacteria;D_1__Acidobacteria;D_2__Subgroup 26;D_3__uncultured Acidobacterium sp.;D_4__uncultured Acidobacterium sp.	1.0	1.0	1.0	1.0	10.0	1.0	1.0	1.0	1.0	1.0	1.0	1.0	1.0	1.0	1.0	1.0	1.0	1.0	1.0	1.0	1.0	1.0	1.0	1.0	1.0	1.0	1.0	1.0	1.0	1.0
D_0__Bacteria;D_1__Acidobacteria;D_2__Thermoanaerobaculia;D_3__Thermoanaerobaculales;D_4__Thermoanaerobaculaceae	1.0	1.0	5.0	12.0	26.0	1.0	1.0	1.0	1.0	1.0	1.0	1.0	1.0	2.5	17.0	1.0	1.0	4.0	13.0	20.0	1.0	1.0	1.0	1.0	1.0	1.0	1.0	1.0	1.0	16.0
D_0__Bacteria;D_1__Acidobacteria;D_2__d142;D_3__uncultured Acidobacteria bacterium;D_4__uncultured Acidobacteria bacterium	1.0	1.0	1.0	1.0	18.0	1.0	1.0	1.0	1.0	1.0	1.0	1.0	1.0	1.0	1.0	1.0	1.0	1.0	1.0	1.0	1.0	1.0	1.0	1.0	1.0	1.0	1.0	1.0	1.0	1.0
D_0__Bacteria;D_1__Acidobacteria;D_2__d142;D_3__uncultured bacterium;D_4__uncultured bacterium	1.0	1.0	1.0	1.0	11.0	1.0	1.0	1.0	1.0	1.0	1.0	1.0	1.0	1.0	1.0	1.0	1.0	1.0	1.0	1.0	1.0	1.0	1.0	1.0	1.0	1.0	1.0	1.0	1.0	1.0
D_0__Bacteria;D_1__Actinobacteria;D_2__Acidimicrobiia;D_3__Actinomarinales;D_4__Actinomarinaceae	1.0	1.0	1.0	1.0	17.0	1.0	1.0	1.0	1.0	1.0	1.0	1.0	1.0	1.0	1.0	1.0	1.0	1.0	1.0	1.0	1.0	1.0	1.0	1.0	1.0	1.0	1.0	1.0	1.0	1.0
D_0__Bacteria;D_1__Actinobacteria;D_2__Acidimicrobiia;D_3__Actinomarinales;D_4__uncultured	1.0	1.0	1.0	7.25	28.0	1.0	1.0	1.0	1.0	6.0	1.0	1.0	1.0	1.0	1.0	1.0	1.0	1.0	1.0	10.0	1.0	1.0	1.0	1.0	1.0	1.0	1.0	1.0	1.0	1.0
D_0__Bacteria;D_1__Actinobacteria;D_2__Acidimicrobiia;D_3__Microtrichales;D_4__Ilumatobacteraceae	1.0	1.0	6.0	16.75	23.0	1.0	1.0	1.0	1.0	9.0	1.0	1.0	1.0	6.75	17.0	1.0	1.0	12.0	17.0	34.0	1.0	1.0	1.0	1.0	1.0	1.0	1.0	1.0	1.0	1.0
D_0__Bacteria;D_1__Actinobacteria;D_2__Acidimicrobiia;D_3__Microtrichales;D_4__Microtrichaceae	1.0	22.5	28.5	51.5	117.0	1.0	1.0	1.0	1.0	19.0	1.0	1.0	4.5	9.75	23.0	1.0	1.0	11.0	41.5	59.0	1.0	1.0	1.0	1.0	1.0	1.0	14.25	19.0	36.0	48.0
D_0__Bacteria;D_1__Actinobacteria;D_2__Actinobacteria;D_3__Corynebacteriales;D_4__Corynebacteriaceae	1.0	1.0	1.0	1.0	43.0	1.0	1.0	1.0	1.0	1.0	1.0	1.0	1.0	1.0	1.0	1.0	1.0	1.0	1.0	11.0	1.0	1.0	1.0	1.0	1.0	1.0	1.0	1.0	1.0	1.0
D_0__Bacteria;D_1__Actinobacteria;D_2__Actinobacteria;D_3__Micrococcales;D_4__Brevibacteriaceae	1.0	1.0	1.0	1.0	23.0	1.0	1.0	1.0	1.0	1.0	1.0	1.0	1.0	1.0	1.0	1.0	1.0	1.0	1.0	1.0	1.0	1.0	1.0	1.0	1.0	1.0	1.0	1.0	1.0	1.0
D_0__Bacteria;D_1__Actinobacteria;D_2__Actinobacteria;D_3__Micrococcales;D_4__Micrococcaceae	1.0	1.0	11.0	16.25	122.0	1.0	1.0	1.0	1.0	10.0	1.0	1.0	1.0	1.0	6.0	1.0	1.0	1.0	1.0	10.0	1.0	1.0	1.0	1.0	56.0	1.0	1.0	1.0	1.0	1.0
D_0__Bacteria;D_1__Actinobacteria;D_2__Actinobacteria;D_3__Propionibacteriales;D_4__Nocardioidaceae	1.0	1.0	1.0	5.0	33.0	1.0	1.0	1.0	1.0	1.0	1.0	1.0	1.0	1.0	1.0	1.0	1.0	1.0	1.0	1.0	1.0	1.0	1.0	1.0	1.0	1.0	1.0	1.0	1.0	1.0
D_0__Bacteria;D_1__Actinobacteria;D_2__Actinobacteria;D_3__Propionibacteriales;D_4__Propionibacteriaceae	1.0	1.0	1.0	1.0	1.0	1.0	1.0	1.0	1.0	1.0	1.0	1.0	1.0	1.0	1.0	1.0	1.0	1.0	1.0	7.0	1.0	1.0	1.0	1.0	1.0	1.0	1.0	1.0	1.0	1.0
D_0__Bacteria;D_1__Actinobacteria;D_2__Coriobacteriia;D_3__OPB41;D_4__uncultured bacterium	1.0	1.0	1.0	1.0	20.0	1.0	1.0	1.0	1.0	1.0	1.0	1.0	1.0	1.0	1.0	1.0	1.0	1.0	1.0	1.0	1.0	1.0	1.0	1.0	1.0	1.0	1.0	1.0	1.0	1.0
D_0__Bacteria;D_1__Actinobacteria;D_2__Rubrobacteria;D_3__Rubrobacterales;D_4__Rubrobacteriaceae	1.0	1.0	1.0	1.0	20.0	1.0	1.0	1.0	1.0	1.0	1.0	1.0	1.0	1.0	1.0	1.0	1.0	1.0	1.0	1.0	1.0	1.0	1.0	1.0	1.0	1.0	1.0	1.0	1.0	1.0
D_0__Bacteria;D_1__Actinobacteria;D_2__Thermoleophilia;D_3__Solirubrobacterales;D_4__67-14	1.0	1.0	1.0	1.0	11.0	1.0	1.0	1.0	1.0	1.0	1.0	1.0	1.0	1.0	1.0	1.0	1.0	1.0	1.0	1.0	1.0	1.0	1.0	1.0	1.0	1.0	1.0	1.0	1.0	1.0
D_0__Bacteria;D_1__Actinobacteria;D_2__Thermoleophilia;D_3__Solirubrobacterales;D_4__Solirubrobacteraceae	1.0	1.0	1.0	1.0	6.0	1.0	1.0	1.0	1.0	1.0	1.0	1.0	1.0	1.0	1.0	1.0	1.0	1.0	1.0	1.0	1.0	1.0	1.0	1.0	1.0	1.0	1.0	1.0	1.0	1.0
D_0__Bacteria;D_1__Actinobacteria;D_2__Thermoleophilia;D_3__Solirubrobacterales;__	1.0	1.0	1.0	1.0	12.0	1.0	1.0	1.0	1.0	1.0	1.0	1.0	1.0	1.0	1.0	1.0	1.0	1.0	1.0	1.0	1.0	1.0	1.0	1.0	1.0	1.0	1.0	1.0	1.0	1.0
D_0__Bacteria;D_1__Actinobacteria;D_2__WCHB1-81;D_3__uncultured actinobacterium;D_4__uncultured actinobacterium	1.0	1.0	1.0	1.0	1.0	1.0	1.0	1.0	1.0	1.0	1.0	1.0	1.0	1.0	1.0	1.0	1.0	1.0	1.0	1.0	1.0	1.0	1.0	1.0	1.0	1.0	1.0	1.0	1.0	3.0
D_0__Bacteria;D_1__Actinobacteria;__;__;__	1.0	1.0	1.0	1.0	5.0	1.0	1.0	1.0	1.0	1.0	1.0	1.0	1.0	1.0	1.0	1.0	1.0	1.0	1.0	1.0	1.0	1.0	1.0	1.0	1.0	1.0	1.0	1.0	1.0	1.0
D_0__Bacteria;D_1__Bacteroidetes;D_2__Bacteroidia;D_3__Bacteroidales;D_4__Bacteroidaceae	1.0	1.0	1.0	1.0	8.0	1.0	1.0	1.0	1.0	1.0	1.0	1.0	1.0	1.0	1.0	1.0	1.0	1.0	1.0	1.0	1.0	1.0	1.0	1.0	1.0	1.0	1.0	1.0	1.0	1.0
D_0__Bacteria;D_1__Bacteroidetes;D_2__Bacteroidia;D_3__Bacteroidales;D_4__Bacteroidetes BD2-2	1.0	1.0	12.5	25.75	56.0	1.0	1.0	1.0	1.0	19.0	1.0	1.0	5.0	12.5	18.0	1.0	1.0	1.0	3.5	67.0	1.0	1.0	1.0	1.75	31.0	1.0	1.0	1.0	1.0	1.0
D_0__Bacteria;D_1__Bacteroidetes;D_2__Bacteroidia;D_3__Bacteroidales;D_4__Marinifilaceae	1.0	1.0	1.0	19.5	49.0	1.0	1.0	1.0	8.5	13.0	1.0	1.0	1.0	1.5	24.0	1.0	1.0	1.0	5.0	39.0	1.0	1.0	1.0	1.0	1.0	1.0	1.0	1.0	1.0	1.0
D_0__Bacteria;D_1__Bacteroidetes;D_2__Bacteroidia;D_3__Bacteroidales;D_4__Marinilabiliaceae	1.0	1.0	1.0	8.25	49.0	1.0	1.0	1.0	1.0	1.0	1.0	1.0	2.0	8.0	50.0	1.0	1.0	1.0	1.0	22.0	1.0	1.0	1.0	1.0	1.0	1.0	1.0	1.0	1.0	1.0
D_0__Bacteria;D_1__Bacteroidetes;D_2__Bacteroidia;D_3__Bacteroidales;D_4__Porphyromonadaceae	1.0	1.0	1.0	8.25	12.0	1.0	1.0	1.0	1.0	1.0	1.0	1.0	1.0	1.0	1.0	1.0	1.0	1.0	1.0	1.0	1.0	1.0	1.0	1.0	1.0	1.0	1.0	1.0	1.0	1.0
D_0__Bacteria;D_1__Bacteroidetes;D_2__Bacteroidia;D_3__Bacteroidales;D_4__Prevotellaceae	1.0	1.0	1.0	3.25	31.0	1.0	1.0	1.0	1.0	1.0	1.0	1.0	1.0	1.0	1.0	1.0	1.0	1.0	1.0	1.0	1.0	1.0	1.0	1.0	1.0	1.0	1.0	1.0	1.0	1.0
D_0__Bacteria;D_1__Bacteroidetes;D_2__Bacteroidia;D_3__Bacteroidales;D_4__Prolixibacteraceae	1.0	1.0	1.0	10.75	18.0	1.0	1.0	1.0	1.75	10.0	1.0	1.0	1.0	11.5	28.0	1.0	1.0	3.0	19.5	91.0	1.0	1.0	1.0	1.0	4.0	1.0	1.0	1.0	1.0	1.0
D_0__Bacteria;D_1__Bacteroidetes;D_2__Bacteroidia;D_3__Bacteroidales;D_4__Rikenellaceae	1.0	1.0	1.0	1.0	11.0	1.0	1.0	1.0	1.0	3.0	1.0	1.0	1.0	1.0	1.0	1.0	1.0	1.0	1.0	1.0	1.0	1.0	1.0	1.0	1.0	1.0	1.0	1.0	1.0	1.0
D_0__Bacteria;D_1__Bacteroidetes;D_2__Bacteroidia;D_3__Bacteroidales;D_4__Tannerellaceae	1.0	1.0	1.0	1.0	4.0	1.0	1.0	1.0	1.0	1.0	1.0	1.0	1.0	1.0	1.0	1.0	1.0	1.0	1.0	1.0	1.0	1.0	1.0	1.0	1.0	1.0	1.0	1.0	1.0	1.0
D_0__Bacteria;D_1__Bacteroidetes;D_2__Bacteroidia;D_3__Bacteroidales;__	1.0	1.0	8.5	22.75	58.0	1.0	1.0	2.5	5.75	48.0	1.0	1.0	1.0	1.0	8.0	1.0	1.0	1.0	1.0	61.0	1.0	1.0	1.0	1.0	4.0	1.0	1.0	1.0	1.0	1.0
D_0__Bacteria;D_1__Bacteroidetes;D_2__Bacteroidia;D_3__Bacteroidetes VC2.1 Bac22;D_4__uncultured Bacteroidetes bacterium	1.0	1.0	1.0	1.0	1.0	1.0	1.0	1.0	1.0	5.0	1.0	1.0	1.0	1.0	11.0	1.0	1.0	1.0	1.0	20.0	1.0	1.0	1.0	1.0	1.0	1.0	1.0	1.0	1.0	1.0
D_0__Bacteria;D_1__Bacteroidetes;D_2__Bacteroidia;D_3__Bacteroidetes VC2.1 Bac22;D_4__uncultured alpha proteobacterium	1.0	1.0	1.0	1.0	18.0	1.0	1.0	1.0	1.0	1.0	1.0	1.0	1.0	1.0	1.0	1.0	1.0	1.0	1.0	1.0	1.0	1.0	1.0	1.0	1.0	1.0	1.0	1.0	1.0	1.0
D_0__Bacteria;D_1__Bacteroidetes;D_2__Bacteroidia;D_3__Bacteroidetes VC2.1 Bac22;D_4__uncultured organism	1.0	1.0	1.0	1.0	1.0	1.0	1.0	1.0	1.0	6.0	1.0	1.0	1.0	1.0	1.0	1.0	1.0	1.0	1.0	1.0	1.0	1.0	1.0	1.0	1.0	1.0	1.0	1.0	1.0	1.0
D_0__Bacteria;D_1__Bacteroidetes;D_2__Bacteroidia;D_3__Bacteroidetes VC2.1 Bac22;__	1.0	1.0	1.0	5.5	19.0	1.0	1.0	1.0	1.0	1.0	1.0	1.0	1.0	1.0	8.0	1.0	1.0	1.0	1.0	3.0	1.0	1.0	1.0	1.0	1.0	1.0	1.0	1.0	1.0	14.0
D_0__Bacteria;D_1__Bacteroidetes;D_2__Bacteroidia;D_3__Chitinophagales;D_4__37-13	1.0	4.0	9.5	28.5	117.0	1.0	1.0	1.0	2.25	21.0	1.0	1.0	2.5	7.0	17.0	1.0	1.0	1.0	10.5	82.0	1.0	1.0	1.0	1.0	1.0	1.0	1.0	1.0	1.0	8.0
D_0__Bacteria;D_1__Bacteroidetes;D_2__Bacteroidia;D_3__Chitinophagales;D_4__Chitinophagaceae	1.0	1.0	1.0	1.0	11.0	1.0	1.0	1.0	1.0	1.0	1.0	1.0	1.0	1.0	9.0	1.0	1.0	1.0	1.0	1.0	1.0	1.0	1.0	1.0	1.0	1.0	1.0	1.0	1.0	16.0
D_0__Bacteria;D_1__Bacteroidetes;D_2__Bacteroidia;D_3__Chitinophagales;D_4__Saprospiraceae	207.0	237.75	391.5	695.25	1113.0	72.0	107.25	129.0	223.75	441.0	2170.0	2722.0	2945.5	4121.75	5207.0	3000.0	4228.0	5055.0	6941.0	10825.0	1353.0	2167.0	2399.5	2477.75	2950.0	2783.0	3342.0	4143.0	4795.0	5724.0
D_0__Bacteria;D_1__Bacteroidetes;D_2__Bacteroidia;D_3__Chitinophagales;D_4__uncultured	8.0	26.0	36.5	65.0	174.0	1.0	1.0	3.0	12.0	20.0	1.0	2.5	20.0	44.25	82.0	3.0	30.0	33.0	54.0	159.0	1.0	1.0	1.0	5.25	40.0	21.0	37.5	83.0	104.75	140.0
D_0__Bacteria;D_1__Bacteroidetes;D_2__Bacteroidia;D_3__Chitinophagales;__	1.0	10.5	18.5	36.25	88.0	1.0	1.0	1.0	3.25	6.0	1.0	1.0	1.0	2.5	28.0	1.0	1.0	1.0	2.5	29.0	1.0	1.0	1.0	1.0	7.0	1.0	1.0	1.0	1.0	23.0
D_0__Bacteria;D_1__Bacteroidetes;D_2__Bacteroidia;D_3__Cytophagales;D_4__Amoebophilaceae	1.0	47.0	76.5	193.5	957.0	10.0	28.75	98.0	167.75	276.0	57.0	224.75	420.5	795.75	1221.0	222.0	422.0	724.0	832.5	1155.0	50.0	128.75	186.5	306.75	633.0	9.0	189.5	350.0	436.75	659.0
D_0__Bacteria;D_1__Bacteroidetes;D_2__Bacteroidia;D_3__Cytophagales;D_4__Bernardetiaceae	1.0	18.5	32.5	68.0	97.0	1.0	4.5	10.0	21.5	64.0	290.0	432.75	600.0	868.25	1333.0	218.0	361.5	544.0	702.5	1554.0	1.0	4.0	8.0	10.25	430.0	1.0	1.0	4.0	12.75	40.0
D_0__Bacteria;D_1__Bacteroidetes;D_2__Bacteroidia;D_3__Cytophagales;D_4__Cyclobacteriaceae	87.0	120.0	197.0	299.5	439.0	7.0	24.5	52.5	68.0	102.0	14.0	38.25	49.5	112.0	211.0	14.0	39.0	76.0	98.0	167.0	9.0	22.75	33.5	46.0	152.0	130.0	198.75	342.0	581.25	648.0
D_0__Bacteria;D_1__Bacteroidetes;D_2__Bacteroidia;D_3__Cytophagales;D_4__Flammeovirgaceae	1.0	58.5	67.5	88.0	363.0	28.0	54.5	99.5	153.75	298.0	910.0	1126.0	1942.0	2245.75	4866.0	50.0	146.0	303.0	412.0	607.0	1.0	48.25	78.5	154.75	507.0	1.0	1.0	6.5	19.25	71.0
D_0__Bacteria;D_1__Bacteroidetes;D_2__Bacteroidia;D_3__Cytophagales;D_4__Hymenobacteraceae	1.0	1.0	12.0	23.25	42.0	1.0	1.0	1.0	1.0	1.0	1.0	1.0	1.0	1.0	1.0	1.0	1.0	1.0	1.0	1.0	1.0	1.0	1.0	1.0	1.0	1.0	1.0	1.0	1.0	1.0
D_0__Bacteria;D_1__Bacteroidetes;D_2__Bacteroidia;D_3__Cytophagales;D_4__Microscillaceae	1.0	1.0	5.0	14.75	27.0	1.0	1.0	1.0	1.0	21.0	1.0	11.75	29.0	57.0	165.0	1.0	1.0	1.0	12.5	21.0	1.0	1.0	1.0	1.0	1.0	1.0	1.0	1.0	1.0	14.0
D_0__Bacteria;D_1__Bacteroidetes;D_2__Bacteroidia;D_3__Cytophagales;D_4__Spirosomaceae	1.0	1.0	1.0	2.25	23.0	1.0	1.0	1.0	1.0	7.0	1.0	1.0	1.0	1.0	9.0	1.0	1.0	1.0	1.0	15.0	1.0	1.0	1.0	1.0	1.0	1.0	1.0	1.0	1.0	1.0
D_0__Bacteria;D_1__Bacteroidetes;D_2__Bacteroidia;D_3__Cytophagales;__	4.0	15.25	25.5	56.5	94.0	1.0	12.25	25.0	42.0	49.0	21.0	39.0	54.0	163.0	236.0	1.0	2.5	13.0	21.5	128.0	1.0	1.0	1.0	7.5	43.0	1.0	1.0	1.0	1.0	9.0
D_0__Bacteria;D_1__Bacteroidetes;D_2__Bacteroidia;D_3__Flavobacteriales;D_4__Crocinitomicaceae	74.0	157.5	208.0	244.5	601.0	29.0	71.75	90.0	142.5	292.0	54.0	135.75	206.5	259.0	777.0	95.0	129.0	179.0	353.5	997.0	1.0	12.0	19.0	32.75	68.0	93.0	149.0	218.0	281.5	538.0
D_0__Bacteria;D_1__Bacteroidetes;D_2__Bacteroidia;D_3__Flavobacteriales;D_4__Cryomorphaceae	29.0	71.0	106.0	158.75	362.0	1.0	7.0	20.0	40.75	92.0	4.0	18.25	40.0	69.75	171.0	8.0	20.5	26.0	61.0	93.0	60.0	83.0	105.5	152.0	229.0	32.0	90.5	144.5	189.75	292.0
D_0__Bacteria;D_1__Bacteroidetes;D_2__Bacteroidia;D_3__Flavobacteriales;D_4__Flavobacteriaceae	1387.0	2308.0	2899.0	3709.25	7041.0	420.0	905.25	1209.0	2007.25	2928.0	5087.0	6056.0	7416.5	8447.5	13017.0	6026.0	7819.5	9347.0	16121.0	25138.0	1625.0	2516.25	4258.0	6654.5	10008.0	7554.0	8937.25	12706.5	19566.0	21866.0
D_0__Bacteria;D_1__Bacteroidetes;D_2__Bacteroidia;D_3__Flavobacteriales;D_4__NS7 marine group	1.0	10.25	20.0	26.0	87.0	1.0	1.0	1.0	2.0	21.0	1.0	1.0	1.0	2.25	61.0	1.0	1.0	1.0	1.0	9.0	1.0	1.0	1.0	1.0	1.0	1.0	1.0	1.0	1.0	13.0
D_0__Bacteria;D_1__Bacteroidetes;D_2__Bacteroidia;D_3__Flavobacteriales;D_4__NS9 marine group	1.0	47.25	60.0	92.5	100.0	1.0	1.0	1.0	5.25	25.0	1.0	1.0	3.0	9.25	54.0	1.0	18.5	41.0	50.0	96.0	1.0	1.0	6.0	11.5	16.0	100.0	141.25	188.0	232.5	504.0
D_0__Bacteria;D_1__Bacteroidetes;D_2__Bacteroidia;D_3__Flavobacteriales;D_4__Schleiferiaceae	1.0	1.0	1.0	6.25	31.0	1.0	1.0	1.0	1.0	1.0	1.0	1.0	1.0	1.0	10.0	1.0	1.0	7.0	17.5	50.0	1.0	1.0	1.0	1.0	4.0	1.0	1.0	1.0	1.0	9.0
D_0__Bacteria;D_1__Bacteroidetes;D_2__Bacteroidia;D_3__Flavobacteriales;D_4__Weeksellaceae	1.0	1.0	1.0	1.0	29.0	1.0	1.0	1.0	1.0	1.0	1.0	1.0	1.0	1.0	1.0	1.0	1.0	1.0	1.0	1.0	1.0	1.0	1.0	1.0	1.0	1.0	1.0	1.0	1.0	1.0
D_0__Bacteria;D_1__Bacteroidetes;D_2__Bacteroidia;D_3__Flavobacteriales;__	4.0	19.5	29.5	66.5	138.0	1.0	2.5	10.5	20.5	57.0	1.0	1.0	6.5	8.25	24.0	1.0	2.0	9.0	64.5	117.0	9.0	14.0	25.0	35.0	45.0	36.0	75.0	138.0	173.5	210.0
D_0__Bacteria;D_1__Bacteroidetes;D_2__Bacteroidia;D_3__Sphingobacteriales;D_4__AKYH767	1.0	1.0	1.0	1.0	1.0	1.0	1.0	1.0	1.0	8.0	1.0	1.0	1.0	1.0	5.0	1.0	1.0	1.0	1.0	14.0	1.0	1.0	1.0	1.0	1.0	1.0	1.0	1.0	1.0	1.0
D_0__Bacteria;D_1__Bacteroidetes;D_2__Bacteroidia;D_3__Sphingobacteriales;D_4__Lentimicrobiaceae	1.0	1.0	1.0	1.0	9.0	1.0	1.0	1.0	1.0	4.0	1.0	1.0	1.0	1.0	18.0	1.0	1.0	1.0	1.0	28.0	1.0	1.0	1.0	1.0	1.0	1.0	1.0	1.0	1.0	1.0
D_0__Bacteria;D_1__Bacteroidetes;D_2__Bacteroidia;D_3__Sphingobacteriales;D_4__NS11-12 marine group	4.0	13.5	20.5	27.25	47.0	1.0	1.0	4.0	9.5	30.0	1.0	1.0	5.0	12.25	59.0	1.0	17.5	36.0	67.5	152.0	38.0	71.5	86.5	129.0	385.0	78.0	124.0	146.0	214.75	323.0
D_0__Bacteria;D_1__Bacteroidetes;D_2__Bacteroidia;D_3__Sphingobacteriales;D_4__env.OPS 17	1.0	1.0	1.0	1.0	39.0	1.0	1.0	1.0	1.0	1.0	1.0	1.0	1.0	1.0	1.0	1.0	1.0	1.0	1.0	53.0	1.0	1.0	1.0	1.0	7.0	1.0	1.0	1.0	1.0	1.0
D_0__Bacteria;D_1__Bacteroidetes;D_2__Bacteroidia;__;__	1.0	16.25	24.0	40.75	138.0	1.0	4.0	13.0	24.0	47.0	27.0	51.75	71.5	164.5	409.0	1.0	1.0	1.0	9.5	28.0	1.0	1.0	1.0	1.0	4.0	1.0	1.0	1.0	1.0	12.0
D_0__Bacteria;D_1__Bacteroidetes;D_2__Ignavibacteria;D_3__Ignavibacteriales;D_4__Melioribacteraceae	1.0	1.0	1.0	1.0	11.0	1.0	1.0	1.0	1.0	1.0	1.0	1.0	1.0	1.0	8.0	1.0	1.0	1.0	1.0	32.0	1.0	1.0	1.0	1.0	1.0	1.0	1.0	1.0	1.0	1.0
D_0__Bacteria;D_1__Bacteroidetes;D_2__Ignavibacteria;D_3__Ignavibacteriales;D_4__PHOS-HE36	1.0	1.0	1.0	1.0	1.0	1.0	1.0	1.0	1.0	1.0	1.0	1.0	1.0	1.0	7.0	1.0	1.0	1.0	1.0	1.0	1.0	1.0	1.0	1.0	20.0	1.0	1.0	1.0	1.0	1.0
D_0__Bacteria;D_1__Bacteroidetes;D_2__Ignavibacteria;D_3__Kryptoniales;D_4__MSB-3C8	1.0	1.0	1.0	1.0	1.0	1.0	1.0	1.0	1.0	1.0	1.0	1.0	1.0	1.0	7.0	1.0	1.0	1.0	1.0	1.0	1.0	1.0	1.0	1.0	1.0	1.0	1.0	1.0	1.0	1.0
D_0__Bacteria;D_1__Bacteroidetes;D_2__Ignavibacteria;D_3__OPB56;D_4__uncultured bacterium	1.0	1.0	1.0	1.0	20.0	1.0	1.0	1.0	1.0	7.0	1.0	1.0	1.0	1.0	4.0	1.0	1.0	1.0	1.0	4.0	1.0	1.0	1.0	1.0	1.0	1.0	1.0	1.0	1.0	1.0
D_0__Bacteria;D_1__Bacteroidetes;D_2__Ignavibacteria;D_3__OPB56;__	1.0	1.0	1.0	1.0	12.0	1.0	1.0	1.0	1.0	1.0	1.0	1.0	1.0	1.0	1.0	1.0	1.0	1.0	1.0	1.0	1.0	1.0	1.0	1.0	1.0	1.0	1.0	1.0	1.0	1.0
D_0__Bacteria;D_1__Bacteroidetes;D_2__Rhodothermia;D_3__Balneolales;D_4__Balneolaceae	1.0	1.0	1.0	1.0	8.0	1.0	1.0	1.0	1.0	8.0	1.0	1.0	1.0	1.0	7.0	1.0	1.0	1.0	1.0	1.0	1.0	1.0	1.0	1.0	8.0	1.0	1.0	1.0	1.0	1.0
D_0__Bacteria;D_1__Bacteroidetes;D_2__Rhodothermia;D_3__Rhodothermales;D_4__Rhodothermaceae	1.0	2.5	15.5	18.75	42.0	1.0	1.0	1.0	1.0	7.0	1.0	1.0	1.0	8.75	28.0	1.0	1.0	1.0	9.5	52.0	1.0	1.0	1.0	1.0	1.0	1.0	1.0	1.0	1.5	13.0
D_0__Bacteria;D_1__Calditrichaeota;D_2__Calditrichia;D_3__Calditrichales;D_4__Calditrichaceae	1.0	1.0	6.0	13.5	34.0	1.0	1.0	1.0	1.0	4.0	1.0	1.0	1.0	4.0	16.0	1.0	1.0	1.0	4.5	14.0	1.0	1.0	1.0	1.0	1.0	1.0	1.0	1.0	1.0	11.0
D_0__Bacteria;D_1__Chlamydiae;D_2__Chlamydiae;D_3__Chlamydiales;D_4__Parachlamydiaceae	1.0	1.0	1.0	1.0	6.0	1.0	1.0	1.0	1.0	5.0	1.0	1.0	1.0	1.0	1.0	1.0	1.0	1.0	1.0	1.0	1.0	1.0	1.0	1.0	1.0	1.0	1.0	1.0	1.0	1.0
D_0__Bacteria;D_1__Chlamydiae;D_2__Chlamydiae;D_3__Chlamydiales;D_4__Simkaniaceae	1.0	1.0	1.0	1.0	1.0	1.0	1.0	1.0	1.0	1.0	1.0	1.0	1.0	1.0	1.0	1.0	1.0	1.0	1.0	1.0	1.0	1.0	1.0	1.0	1.0	1.0	1.0	1.0	1.0	9.0
D_0__Bacteria;D_1__Chlamydiae;D_2__Chlamydiae;D_3__Chlamydiales;__	1.0	1.0	1.0	1.0	1.0	1.0	1.0	1.0	1.0	1.0	1.0	1.0	1.0	1.0	1.0	1.0	1.0	1.0	1.0	14.0	1.0	1.0	1.0	1.0	1.0	1.0	1.0	1.0	1.0	1.0
D_0__Bacteria;D_1__Chloroflexi;D_2__Anaerolineae;D_3__Ardenticatenales;D_4__Ardenticatenaceae	1.0	15.75	27.5	44.25	350.0	1.0	6.25	11.0	15.5	35.0	1.0	3.25	11.5	30.25	48.0	1.0	12.5	21.0	28.0	96.0	1.0	1.0	1.0	1.0	1.0	1.0	1.0	1.0	1.0	1.0
D_0__Bacteria;D_1__Chloroflexi;D_2__Anaerolineae;D_3__SBR1031;D_4__uncultured organism	1.0	1.0	1.0	1.0	6.0	1.0	1.0	1.0	1.0	1.0	1.0	1.0	1.0	1.0	1.0	1.0	1.0	1.0	1.0	1.0	1.0	1.0	1.0	1.0	1.0	1.0	1.0	1.0	1.0	1.0
D_0__Bacteria;D_1__Chloroflexi;D_2__Dehalococcoidia;D_3__MSBL5;D_4__uncultured bacterium	1.0	1.0	1.0	1.0	6.0	1.0	1.0	1.0	1.0	1.0	1.0	1.0	1.0	1.0	1.0	1.0	1.0	1.0	1.0	1.0	1.0	1.0	1.0	1.0	1.0	1.0	1.0	1.0	1.0	1.0
D_0__Bacteria;D_1__Chloroflexi;D_2__Dehalococcoidia;D_3__MSBL5;__	1.0	1.0	1.0	1.0	1.0	1.0	1.0	1.0	1.0	6.0	1.0	1.0	1.0	1.0	10.0	1.0	1.0	1.0	1.0	1.0	1.0	1.0	1.0	1.0	1.0	1.0	1.0	1.0	1.0	1.0
D_0__Bacteria;D_1__Chloroflexi;D_2__Dehalococcoidia;D_3__vadinBA26;D_4__uncultured bacterium	1.0	1.0	1.0	1.0	1.0	1.0	1.0	1.0	1.0	1.0	1.0	1.0	1.0	1.0	4.0	1.0	1.0	1.0	1.0	1.0	1.0	1.0	1.0	1.0	1.0	1.0	1.0	1.0	1.0	1.0
D_0__Bacteria;D_1__Cyanobacteria;D_2__Oxyphotobacteria;D_3__Chloroplast;D_4__Cylindrotheca closterium	1.0	1.0	1.0	1.0	1.0	1.0	1.0	1.0	1.0	1.0	1.0	1.0	1.0	1.0	1.0	1.0	1.0	1.0	1.0	1.0	1.0	1.0	1.0	1.0	1.0	1.0	1.0	1.0	1.0	27.0
D_0__Bacteria;D_1__Cyanobacteria;D_2__Oxyphotobacteria;D_3__Chloroplast;D_4__Ostreococcus tauri	1.0	1.0	1.0	1.0	15.0	1.0	1.0	1.0	1.0	1.0	1.0	1.0	1.0	1.0	1.0	1.0	1.0	1.0	1.0	1.0	1.0	1.0	1.0	1.0	1.0	1.0	1.0	1.0	1.0	1.0
D_0__Bacteria;D_1__Cyanobacteria;D_2__Oxyphotobacteria;D_3__Chloroplast;D_4__Phalacroma mitra	1.0	1.0	1.0	1.0	1.0	1.0	1.0	1.0	1.0	1.0	1.0	1.0	1.0	1.0	1.0	1.0	1.0	1.0	1.0	1.0	1.0	1.0	1.0	1.0	1.0	1.0	1.0	1.0	1.0	11.0
D_0__Bacteria;D_1__Cyanobacteria;D_2__Oxyphotobacteria;D_3__Chloroplast;D_4__Ptilocladiopsis horrida	1.0	1.0	1.0	1.0	1.0	1.0	1.0	1.0	1.0	1.0	1.0	1.0	1.0	1.0	1.0	1.0	1.0	1.0	1.0	6.0	1.0	1.0	1.0	1.0	1.0	1.0	1.0	1.0	1.0	1.0
D_0__Bacteria;D_1__Cyanobacteria;D_2__Oxyphotobacteria;D_3__Chloroplast;D_4__bacterium WHC4-2	1.0	1.0	1.0	1.0	7.0	1.0	1.0	1.0	1.0	1.0	1.0	1.0	1.0	1.0	1.0	1.0	1.0	1.0	1.0	1.0	1.0	1.0	1.0	1.0	1.0	1.0	1.0	1.0	1.0	1.0
D_0__Bacteria;D_1__Cyanobacteria;D_2__Oxyphotobacteria;D_3__Chloroplast;__	1.0	37.5	70.5	137.75	713.0	1.0	27.75	62.0	147.75	253.0	309.0	823.25	1148.5	1676.0	2316.0	109.0	767.0	925.0	1415.5	2226.0	1.0	26.75	41.0	108.5	400.0	1.0	26.25	60.0	89.5	192.0
D_0__Bacteria;D_1__Cyanobacteria;D_2__Sericytochromatia;__;__	1.0	1.0	1.0	1.0	1.0	1.0	1.0	1.0	1.0	1.0	1.0	1.0	1.0	1.0	11.0	1.0	1.0	1.0	1.0	7.0	1.0	1.0	1.0	1.0	1.0	1.0	1.0	1.0	1.0	1.0
D_0__Bacteria;D_1__Deinococcus-Thermus;D_2__Deinococci;D_3__Deinococcales;D_4__Trueperaceae	1.0	1.0	1.0	1.0	19.0	1.0	1.0	1.0	1.0	1.0	1.0	1.0	1.0	1.0	1.0	1.0	1.0	1.0	1.0	1.0	1.0	1.0	1.0	1.0	1.0	1.0	1.0	1.0	1.0	1.0
D_0__Bacteria;D_1__Dependentiae;D_2__Babeliae;D_3__Babeliales;D_4__Babeliaceae	1.0	1.0	1.0	1.0	9.0	1.0	1.0	1.0	1.0	1.0	1.0	1.0	1.0	1.0	1.0	1.0	1.0	1.0	1.0	12.0	1.0	1.0	1.0	1.0	1.0	1.0	1.0	1.0	1.0	1.0
D_0__Bacteria;D_1__Dependentiae;D_2__Babeliae;D_3__Babeliales;D_4__UBA12409	1.0	1.0	1.0	1.0	1.0	1.0	1.0	1.0	1.0	1.0	1.0	1.0	1.0	1.0	1.0	1.0	1.0	1.0	1.0	3.0	1.0	1.0	1.0	1.0	1.0	1.0	1.0	1.0	1.0	1.0
D_0__Bacteria;D_1__Dependentiae;D_2__Babeliae;D_3__Babeliales;D_4__UBA12411	1.0	1.0	1.0	1.0	1.0	1.0	1.0	1.0	1.0	1.0	1.0	1.0	1.0	1.0	1.0	1.0	1.0	1.0	1.0	38.0	1.0	1.0	1.0	1.0	1.0	1.0	1.0	1.0	1.0	1.0
D_0__Bacteria;D_1__Dependentiae;D_2__Babeliae;D_3__Babeliales;D_4__Vermiphilaceae	1.0	1.0	1.0	1.0	20.0	1.0	1.0	1.0	1.0	1.0	1.0	1.0	1.0	1.0	4.0	1.0	1.0	1.0	1.0	3.0	1.0	1.0	1.0	1.0	1.0	1.0	1.0	2.5	12.75	41.0
D_0__Bacteria;D_1__Dependentiae;D_2__Babeliae;D_3__Babeliales;D_4__uncultured bacterium	1.0	1.0	1.0	8.0	13.0	1.0	1.0	1.0	1.0	5.0	1.0	1.0	1.0	1.0	9.0	1.0	1.0	1.0	4.0	32.0	1.0	1.0	1.0	5.25	14.0	1.0	1.0	2.5	18.5	25.0
D_0__Bacteria;D_1__Dependentiae;D_2__Babeliae;D_3__Babeliales;__	1.0	1.0	1.0	3.5	36.0	1.0	1.0	1.0	1.0	3.0	1.0	1.0	1.0	1.0	5.0	1.0	1.0	1.0	1.0	1.0	1.0	1.0	1.0	1.0	1.0	1.0	12.25	19.5	27.5	326.0
D_0__Bacteria;D_1__Elusimicrobia;D_2__Elusimicrobia;D_3__Lineage IV;D_4__Elusimicrobia bacterium GWA2_69_24	1.0	1.0	1.0	1.0	6.0	1.0	1.0	1.0	1.0	1.0	1.0	1.0	1.0	1.0	1.0	1.0	1.0	1.0	1.0	1.0	1.0	1.0	1.0	1.0	1.0	1.0	1.0	1.0	1.0	1.0
D_0__Bacteria;D_1__Elusimicrobia;D_2__Elusimicrobia;D_3__MD2894-B20;D_4__uncultured bacterium	1.0	1.0	1.0	1.0	18.0	1.0	1.0	1.0	1.0	6.0	1.0	1.0	1.0	1.0	1.0	1.0	1.0	1.0	1.0	1.0	1.0	1.0	1.0	1.0	1.0	1.0	1.0	1.0	1.0	1.0
D_0__Bacteria;D_1__Entotheonellaeota;D_2__Entotheonellia;D_3__Entotheonellales;D_4__Entotheonellaceae	1.0	1.0	1.0	8.5	21.0	1.0	1.0	1.0	1.0	1.0	1.0	1.0	1.0	1.0	5.0	1.0	1.0	1.0	1.0	11.0	1.0	1.0	1.0	1.0	1.0	1.0	1.0	1.0	1.0	1.0
D_0__Bacteria;D_1__Epsilonbacteraeota;D_2__Campylobacteria;D_3__Campylobacterales;D_4__Arcobacteraceae	33.0	59.75	107.0	201.75	367.0	1.0	1.0	9.0	26.0	78.0	1.0	1.0	1.0	11.5	28.0	1.0	1.0	1.0	7.0	38.0	1.0	1.0	1.0	1.0	17.0	1.0	1.0	1.0	1.5	21.0
D_0__Bacteria;D_1__Epsilonbacteraeota;D_2__Campylobacteria;D_3__Campylobacterales;D_4__Helicobacteraceae	1.0	1.0	1.0	1.0	9.0	1.0	1.0	1.0	1.0	6.0	1.0	1.0	1.0	1.0	1.0	1.0	1.0	1.0	1.0	1.0	1.0	1.0	1.0	1.0	1.0	1.0	1.0	1.0	1.0	1.0
D_0__Bacteria;D_1__Epsilonbacteraeota;D_2__Campylobacteria;D_3__Campylobacterales;D_4__Sulfurovaceae	1.0	6.25	14.0	19.75	64.0	1.0	1.0	1.0	2.5	17.0	1.0	1.0	11.0	18.5	23.0	9.0	12.5	27.0	60.5	73.0	1.0	1.0	1.0	1.0	11.0	1.0	1.0	1.0	7.5	15.0
D_0__Bacteria;D_1__Epsilonbacteraeota;D_2__Campylobacteria;D_3__Campylobacterales;D_4__Thiovulaceae	1.0	1.0	1.0	1.75	24.0	1.0	1.0	1.0	1.0	5.0	1.0	1.0	1.0	1.0	1.0	1.0	1.0	1.0	1.0	1.0	1.0	1.0	1.0	1.0	1.0	1.0	1.0	1.0	1.0	1.0
D_0__Bacteria;D_1__FCPU426;D_2__uncultured bacterium;D_3__uncultured bacterium;D_4__uncultured bacterium	1.0	1.0	1.0	1.0	10.0	1.0	1.0	1.0	1.0	1.0	1.0	1.0	1.0	1.0	1.0	1.0	1.0	1.0	1.0	1.0	1.0	1.0	1.0	1.0	1.0	1.0	1.0	1.0	1.0	1.0
D_0__Bacteria;D_1__Fibrobacteres;D_2__Chitinivibrionia;D_3__Chitinivibrionales;D_4__Chitinivibrionaceae	1.0	1.0	2.0	4.75	30.0	1.0	1.0	1.0	1.0	10.0	1.0	1.0	1.0	1.0	1.0	1.0	1.0	1.0	1.0	1.0	1.0	1.0	1.0	1.0	1.0	1.0	1.0	1.0	1.0	1.0
D_0__Bacteria;D_1__Fibrobacteres;D_2__Fibrobacteria;D_3__Fibrobacterales;D_4__Fibrobacteraceae	1.0	1.0	3.5	15.0	35.0	1.0	1.0	2.5	5.0	6.0	1.0	1.0	1.0	1.0	12.0	1.0	1.0	1.0	1.0	1.0	1.0	1.0	1.0	1.0	1.0	1.0	1.0	1.0	1.0	1.0
D_0__Bacteria;D_1__Firmicutes;D_2__Bacilli;D_3__Bacillales;D_4__Bacillaceae	1.0	1.0	1.0	1.0	1.0	1.0	1.0	1.0	1.0	1.0	1.0	1.0	1.0	1.0	1.0	1.0	1.0	1.0	1.0	30.0	1.0	1.0	1.0	1.0	1.0	1.0	1.0	1.0	1.0	1.0
D_0__Bacteria;D_1__Firmicutes;D_2__Bacilli;D_3__Bacillales;D_4__Staphylococcaceae	1.0	1.0	4.5	20.75	146.0	1.0	1.0	1.0	1.0	14.0	1.0	1.0	1.0	1.0	11.0	1.0	1.0	1.0	1.0	1.0	1.0	1.0	1.0	1.0	1.0	1.0	1.0	1.0	1.0	1.0
D_0__Bacteria;D_1__Firmicutes;D_2__Bacilli;D_3__Lactobacillales;D_4__Lactobacillaceae	1.0	1.0	1.0	1.0	7.0	1.0	1.0	1.0	1.0	1.0	1.0	1.0	1.0	1.0	1.0	1.0	1.0	1.0	1.0	1.0	1.0	1.0	1.0	1.0	1.0	1.0	1.0	1.0	1.0	1.0
D_0__Bacteria;D_1__Firmicutes;D_2__Bacilli;D_3__Lactobacillales;D_4__Streptococcaceae	1.0	6.75	18.5	23.0	85.0	1.0	1.0	1.0	1.0	1.0	1.0	1.0	1.0	1.0	17.0	1.0	1.0	1.0	1.0	1.0	1.0	1.0	1.0	1.0	1.0	1.0	1.0	1.0	1.0	1.0
D_0__Bacteria;D_1__Firmicutes;D_2__Clostridia;D_3__Clostridiales;D_4__Christensenellaceae	1.0	1.0	1.0	1.0	11.0	1.0	1.0	1.0	1.0	1.0	1.0	1.0	1.0	1.0	1.0	1.0	1.0	1.0	1.0	1.0	1.0	1.0	1.0	1.0	1.0	1.0	1.0	1.0	1.0	1.0
D_0__Bacteria;D_1__Firmicutes;D_2__Clostridia;D_3__Clostridiales;D_4__Clostridiaceae 1	1.0	1.0	1.0	1.0	7.0	1.0	1.0	1.0	1.0	5.0	1.0	1.0	1.0	1.0	12.0	1.0	1.0	1.0	1.0	1.0	1.0	1.0	1.0	1.0	1.0	1.0	1.0	1.0	1.0	15.0
D_0__Bacteria;D_1__Firmicutes;D_2__Clostridia;D_3__Clostridiales;D_4__Clostridiaceae 4	1.0	1.0	1.0	1.0	1.0	1.0	1.0	1.0	1.0	5.0	1.0	1.0	1.0	1.0	1.0	1.0	1.0	1.0	1.0	1.0	1.0	1.0	1.0	1.0	1.0	1.0	1.0	1.0	1.0	1.0
D_0__Bacteria;D_1__Firmicutes;D_2__Clostridia;D_3__Clostridiales;D_4__Defluviitaleaceae	1.0	1.0	1.0	1.0	1.0	1.0	1.0	1.0	1.0	1.0	1.0	1.0	1.0	1.0	4.0	1.0	1.0	1.0	1.0	1.0	1.0	1.0	1.0	1.0	1.0	1.0	1.0	1.0	1.0	1.0
D_0__Bacteria;D_1__Firmicutes;D_2__Clostridia;D_3__Clostridiales;D_4__Family XII	1.0	1.0	1.0	1.0	9.0	1.0	1.0	1.0	1.75	11.0	1.0	1.0	1.0	1.0	1.0	1.0	1.0	1.0	1.0	1.0	1.0	1.0	1.0	1.0	1.0	1.0	1.0	1.0	1.0	1.0
D_0__Bacteria;D_1__Firmicutes;D_2__Clostridia;D_3__Clostridiales;D_4__Lachnospiraceae	1.0	1.0	5.0	7.5	27.0	1.0	1.0	1.0	1.0	3.0	1.0	1.0	1.0	1.0	12.0	1.0	1.0	1.0	1.0	28.0	1.0	1.0	1.0	1.0	12.0	1.0	1.0	1.0	1.0	1.0
D_0__Bacteria;D_1__Firmicutes;D_2__Clostridia;D_3__Clostridiales;D_4__Peptostreptococcaceae	1.0	1.0	1.0	2.25	20.0	1.0	1.0	1.0	1.0	4.0	1.0	1.0	1.0	1.0	1.0	1.0	1.0	1.0	1.0	1.0	1.0	1.0	1.0	1.0	1.0	1.0	1.0	1.0	1.0	7.0
D_0__Bacteria;D_1__Firmicutes;D_2__Clostridia;D_3__Clostridiales;D_4__Ruminococcaceae	1.0	1.0	1.0	1.0	1.0	1.0	1.0	1.0	1.0	7.0	1.0	1.0	1.0	1.0	5.0	1.0	1.0	1.0	1.0	1.0	1.0	1.0	1.0	1.0	1.0	1.0	1.0	1.0	1.0	1.0
D_0__Bacteria;D_1__Firmicutes;D_2__Clostridia;D_3__Clostridiales;__	1.0	1.0	1.0	1.0	8.0	1.0	1.0	1.0	1.0	1.0	1.0	1.0	1.0	1.0	1.0	1.0	1.0	1.0	1.0	1.0	1.0	1.0	1.0	1.0	1.0	1.0	1.0	1.0	1.0	1.0
D_0__Bacteria;D_1__Firmicutes;D_2__Negativicutes;D_3__Selenomonadales;D_4__Veillonellaceae	1.0	1.0	1.0	1.0	15.0	1.0	1.0	1.0	1.0	3.0	1.0	1.0	1.0	1.0	1.0	1.0	1.0	1.0	1.0	1.0	1.0	1.0	1.0	1.0	1.0	1.0	1.0	1.0	1.0	1.0
D_0__Bacteria;D_1__Fusobacteria;D_2__Fusobacteriia;D_3__Fusobacteriales;D_4__Fusobacteriaceae	1.0	3.25	10.5	16.5	35.0	1.0	1.0	6.5	10.25	18.0	1.0	1.0	1.0	8.25	39.0	1.0	1.0	1.0	1.0	31.0	1.0	1.0	1.0	1.0	1.0	1.0	1.0	1.0	1.0	1.0
D_0__Bacteria;D_1__Fusobacteria;D_2__Fusobacteriia;D_3__Fusobacteriales;D_4__Leptotrichiaceae	1.0	1.0	1.0	1.0	14.0	1.0	1.0	1.0	1.0	1.0	1.0	1.0	1.0	1.0	17.0	1.0	1.0	1.0	1.0	1.0	1.0	1.0	1.0	1.0	12.0	1.0	1.0	1.0	6.75	21.0
D_0__Bacteria;D_1__Gemmatimonadetes;D_2__BD2-11 terrestrial group;D_3__uncultured bacterium;D_4__uncultured bacterium	1.0	1.0	1.0	1.0	8.0	1.0	1.0	1.0	1.0	8.0	1.0	1.0	1.0	1.0	8.0	1.0	1.0	1.0	1.0	1.0	1.0	1.0	1.0	1.0	1.0	1.0	1.0	1.0	1.0	1.0
D_0__Bacteria;D_1__Gemmatimonadetes;D_2__BD2-11 terrestrial group;__;__	1.0	1.0	1.0	6.0	11.0	1.0	1.0	1.0	1.0	1.0	1.0	1.0	1.0	1.0	1.0	1.0	1.0	1.0	1.0	10.0	1.0	1.0	1.0	1.0	1.0	1.0	1.0	1.0	1.0	1.0
D_0__Bacteria;D_1__Gemmatimonadetes;D_2__Gemmatimonadetes;D_3__Gemmatimonadales;D_4__Gemmatimonadaceae	1.0	1.0	1.0	2.75	10.0	1.0	1.0	1.0	1.0	1.0	1.0	1.0	1.0	1.0	1.0	1.0	1.0	1.0	1.0	1.0	1.0	1.0	1.0	1.0	1.0	1.0	1.0	1.0	1.0	1.0
D_0__Bacteria;D_1__Gemmatimonadetes;D_2__PAUC43f marine benthic group;Ambiguous_taxa;Ambiguous_taxa	1.0	1.0	1.0	1.0	9.0	1.0	1.0	1.0	1.0	1.0	1.0	1.0	1.0	1.0	1.0	1.0	1.0	1.0	1.0	1.0	1.0	1.0	1.0	1.0	1.0	1.0	1.0	1.0	1.0	1.0
D_0__Bacteria;D_1__Kiritimatiellaeota;D_2__Kiritimatiellae;D_3__WCHB1-41;__	1.0	1.0	1.0	1.0	7.0	1.0	1.0	1.0	1.0	1.0	1.0	1.0	1.0	1.0	1.0	1.0	1.0	1.0	1.0	1.0	1.0	1.0	1.0	1.0	1.0	1.0	1.0	1.0	1.0	1.0
D_0__Bacteria;D_1__Latescibacteria;D_2__Latescibacteria;D_3__Latescibacterales;D_4__Latescibacteraceae	1.0	1.0	1.0	1.0	1.0	1.0	1.0	1.0	1.0	1.0	1.0	1.0	1.0	1.0	1.0	1.0	1.0	1.0	1.0	8.0	1.0	1.0	1.0	1.0	1.0	1.0	1.0	1.0	1.0	1.0
D_0__Bacteria;D_1__Latescibacteria;D_2__uncultured bacterium;D_3__uncultured bacterium;D_4__uncultured bacterium	1.0	1.0	1.0	1.0	6.0	1.0	1.0	1.0	1.0	1.0	1.0	1.0	1.0	1.0	1.0	1.0	1.0	1.0	1.0	1.0	1.0	1.0	1.0	1.0	1.0	1.0	1.0	1.0	1.0	1.0
D_0__Bacteria;D_1__Latescibacteria;__;__;__	1.0	1.0	1.0	1.0	8.0	1.0	1.0	1.0	1.0	1.0	1.0	1.0	1.0	1.0	1.0	1.0	1.0	1.0	1.0	1.0	1.0	1.0	1.0	1.0	1.0	1.0	1.0	1.0	1.0	1.0
D_0__Bacteria;D_1__Lentisphaerae;D_2__Lentisphaeria;D_3__Victivallales;D_4__Arctic95B-14	1.0	1.0	1.0	1.0	1.0	1.0	1.0	1.0	1.0	1.0	1.0	1.0	1.0	1.0	8.0	1.0	1.0	1.0	1.0	1.0	1.0	1.0	1.0	1.0	1.0	1.0	1.0	1.0	1.0	1.0
D_0__Bacteria;D_1__Lentisphaerae;D_2__Oligosphaeria;D_3__P.palmC41;__	1.0	1.0	1.0	1.0	1.0	1.0	1.0	1.0	1.0	1.0	1.0	1.0	1.0	1.0	7.0	1.0	1.0	1.0	1.0	1.0	1.0	1.0	1.0	1.0	1.0	1.0	1.0	1.0	1.0	1.0
D_0__Bacteria;D_1__Margulisbacteria;D_2__uncultured bacterium;D_3__uncultured bacterium;D_4__uncultured bacterium	1.0	1.0	1.0	1.0	1.0	1.0	1.0	1.0	1.0	8.0	1.0	1.0	1.0	1.0	1.0	1.0	1.0	1.0	1.0	1.0	1.0	1.0	1.0	1.0	1.0	1.0	1.0	1.0	1.0	1.0
D_0__Bacteria;D_1__Marinimicrobia (SAR406 clade);D_2__uncultured bacterium;D_3__uncultured bacterium;D_4__uncultured bacterium	1.0	1.0	1.0	5.0	10.0	1.0	1.0	1.0	1.0	1.0	1.0	1.0	1.0	1.0	1.0	1.0	1.0	1.0	1.0	1.0	1.0	1.0	1.0	1.0	1.0	1.0	1.0	1.0	1.0	1.0
D_0__Bacteria;D_1__Marinimicrobia (SAR406 clade);__;__;__	6.0	30.0	53.0	82.5	221.0	1.0	5.5	7.0	9.5	48.0	1.0	1.0	1.0	1.0	29.0	1.0	1.0	1.0	1.0	1.0	1.0	1.0	1.0	1.0	1.0	1.0	1.0	1.0	1.0	1.0
D_0__Bacteria;D_1__Nitrospirae;D_2__Nitrospira;D_3__Nitrospirales;D_4__Nitrospiraceae	1.0	10.75	23.0	42.75	94.0	1.0	1.0	1.0	11.25	31.0	1.0	1.0	1.0	7.75	14.0	1.0	1.0	1.0	1.0	13.0	1.0	1.0	1.0	1.0	1.0	1.0	1.0	1.0	1.0	8.0
D_0__Bacteria;D_1__Nitrospirae;D_2__Thermodesulfovibrionia;D_3__uncultured;D_4__uncultured Nitrospiraceae bacterium	1.0	1.0	1.0	1.0	9.0	1.0	1.0	1.0	1.0	1.0	1.0	1.0	1.0	1.0	1.0	1.0	1.0	1.0	1.0	6.0	1.0	1.0	1.0	1.0	1.0	1.0	1.0	1.0	1.0	1.0
D_0__Bacteria;D_1__Patescibacteria;D_2__Gracilibacteria;D_3__Absconditabacteriales (SR1);__	1.0	1.0	1.0	1.0	1.0	1.0	1.0	1.0	1.0	1.0	1.0	1.0	1.0	1.0	1.0	1.0	1.0	1.0	1.0	4.0	1.0	1.0	1.0	1.0	1.0	1.0	1.0	1.0	1.0	1.0
D_0__Bacteria;D_1__Patescibacteria;D_2__Gracilibacteria;D_3__JGI 0000069-P22;D_4__uncultured bacterium	1.0	1.0	1.0	1.5	5.0	1.0	1.0	1.0	1.0	1.0	1.0	1.0	1.0	2.0	21.0	1.0	7.5	13.0	16.0	38.0	1.0	4.75	10.5	15.25	40.0	1.0	1.0	7.5	11.25	30.0
D_0__Bacteria;D_1__Patescibacteria;D_2__Gracilibacteria;D_3__JGI 0000069-P22;__	1.0	1.0	1.0	1.0	4.0	1.0	1.0	1.0	1.0	1.0	1.0	1.0	1.0	1.0	5.0	1.0	1.0	1.0	18.5	49.0	1.0	1.0	10.0	16.25	34.0	1.0	1.0	1.0	1.5	14.0
D_0__Bacteria;D_1__Patescibacteria;D_2__Gracilibacteria;D_3__marine metagenome;D_4__marine metagenome	1.0	1.0	1.0	1.0	1.0	1.0	1.0	1.0	1.0	1.0	1.0	1.0	1.0	1.0	1.0	1.0	1.0	1.0	1.0	1.0	1.0	1.0	1.0	1.0	1.0	1.0	1.0	1.0	1.0	13.0
D_0__Bacteria;D_1__Patescibacteria;D_2__Gracilibacteria;D_3__uncultured bacterium;D_4__uncultured bacterium	1.0	1.0	1.0	1.0	12.0	1.0	1.0	1.0	1.0	1.0	1.0	1.0	1.0	1.0	1.0	1.0	1.0	1.0	1.0	1.0	1.0	1.0	1.0	1.0	1.0	1.0	1.0	1.0	1.0	1.0
D_0__Bacteria;D_1__Patescibacteria;D_2__Gracilibacteria;__;__	1.0	1.0	1.0	1.0	28.0	1.0	1.0	1.0	1.0	1.0	1.0	1.0	1.0	1.0	20.0	1.0	1.0	1.0	1.0	1.0	1.0	1.0	1.0	1.0	1.0	1.0	1.0	1.0	1.0	1.0
D_0__Bacteria;D_1__Patescibacteria;D_2__Saccharimonadia;D_3__Saccharimonadales;__	1.0	1.0	1.0	1.0	11.0	1.0	1.0	1.0	1.0	1.0	1.0	1.0	1.0	1.0	1.0	1.0	1.0	1.0	1.0	1.0	1.0	1.0	1.0	1.0	1.0	1.0	1.0	1.0	1.0	1.0
D_0__Bacteria;D_1__Planctomycetes;D_2__OM190;D_3__uncultured marine bacterium;D_4__uncultured marine bacterium	1.0	1.0	1.0	1.0	1.0	1.0	1.0	1.0	1.0	1.0	1.0	1.0	1.0	1.0	1.0	1.0	1.0	1.0	1.0	1.0	1.0	1.0	1.0	1.0	1.0	1.0	1.0	1.0	1.0	5.0
D_0__Bacteria;D_1__Planctomycetes;D_2__Pla3 lineage;Ambiguous_taxa;Ambiguous_taxa	1.0	1.0	1.0	1.0	1.0	1.0	1.0	1.0	1.0	1.0	1.0	1.0	1.0	1.0	5.0	1.0	1.0	1.0	1.0	1.0	1.0	1.0	1.0	1.0	1.0	1.0	1.0	1.0	1.0	1.0
D_0__Bacteria;D_1__Planctomycetes;D_2__Pla3 lineage;D_3__unidentified marine bacterioplankton;D_4__unidentified marine bacterioplankton	1.0	1.0	1.0	1.0	6.0	1.0	1.0	1.0	1.0	1.0	1.0	1.0	1.0	1.0	1.0	1.0	1.0	1.0	1.0	1.0	1.0	1.0	1.0	1.0	1.0	1.0	1.0	1.0	1.0	1.0
D_0__Bacteria;D_1__Proteobacteria;D_2__Alphaproteobacteria;D_3__Caulobacterales;D_4__Hyphomonadaceae	23.0	82.75	128.0	277.0	312.0	1.0	18.0	48.0	59.25	72.0	67.0	110.5	132.0	170.5	233.0	437.0	635.0	740.0	1196.5	1799.0	388.0	579.25	637.0	671.75	847.0	2457.0	2973.25	3374.0	3818.5	4461.0
D_0__Bacteria;D_1__Proteobacteria;D_2__Alphaproteobacteria;D_3__Caulobacterales;D_4__Parvularculaceae	1.0	1.0	2.5	10.75	25.0	1.0	1.0	1.0	1.0	1.0	1.0	1.0	1.0	2.25	9.0	1.0	1.0	1.0	17.5	32.0	1.0	1.0	1.0	1.0	1.0	1.0	1.0	12.0	18.75	34.0
D_0__Bacteria;D_1__Proteobacteria;D_2__Alphaproteobacteria;D_3__Holosporales;D_4__Holosporaceae	1.0	1.0	1.0	1.0	1.0	1.0	1.0	1.0	1.0	5.0	1.0	1.0	1.0	1.75	13.0	1.0	1.0	1.0	1.0	7.0	1.0	1.0	1.0	1.0	1.0	1.0	1.0	1.0	1.0	1.0
D_0__Bacteria;D_1__Proteobacteria;D_2__Alphaproteobacteria;D_3__Kordiimonadales;D_4__Kordiimonadaceae	33.0	57.25	86.5	114.75	233.0	1.0	23.5	41.0	54.75	89.0	1.0	14.0	18.5	30.0	40.0	1.0	1.0	1.0	1.0	27.0	1.0	1.0	1.0	3.25	27.0	1.0	1.0	1.0	9.75	17.0
D_0__Bacteria;D_1__Proteobacteria;D_2__Alphaproteobacteria;D_3__Kordiimonadales;D_4__uncultured	1.0	4.0	9.0	16.25	25.0	1.0	1.0	1.0	1.0	12.0	1.0	1.0	1.0	2.0	26.0	1.0	1.0	1.0	1.0	13.0	1.0	1.0	1.0	1.0	7.0	1.0	7.75	13.0	22.0	39.0
D_0__Bacteria;D_1__Proteobacteria;D_2__Alphaproteobacteria;D_3__Kordiimonadales;__	1.0	1.0	1.0	1.0	24.0	1.0	1.0	1.0	1.0	1.0	1.0	1.0	1.0	1.0	1.0	1.0	1.0	1.0	1.0	1.0	1.0	1.0	1.0	1.0	1.0	1.0	1.0	1.0	1.0	1.0
D_0__Bacteria;D_1__Proteobacteria;D_2__Alphaproteobacteria;D_3__Micavibrionales;D_4__Micavibrionaceae	24.0	65.75	98.5	165.0	242.0	1.0	7.75	10.5	15.5	44.0	11.0	15.75	34.0	44.75	66.0	204.0	232.0	365.0	483.5	629.0	1291.0	1696.5	2379.5	3282.25	4285.0	1924.0	3795.0	4060.5	5196.25	7132.0
D_0__Bacteria;D_1__Proteobacteria;D_2__Alphaproteobacteria;D_3__Micavibrionales;D_4__uncultured	24.0	30.5	41.5	50.75	74.0	1.0	9.75	13.5	27.75	41.0	7.0	20.75	33.0	43.5	59.0	33.0	85.5	145.0	166.5	266.0	197.0	222.0	254.0	273.25	393.0	136.0	181.5	307.0	381.25	415.0
D_0__Bacteria;D_1__Proteobacteria;D_2__Alphaproteobacteria;D_3__Micavibrionales;__	1.0	1.0	1.0	10.5	14.0	1.0	1.0	1.0	1.0	15.0	1.0	1.0	1.0	1.0	8.0	1.0	1.0	1.0	1.0	1.0	1.0	1.0	1.0	1.0	17.0	1.0	1.0	1.0	1.0	15.0
D_0__Bacteria;D_1__Proteobacteria;D_2__Alphaproteobacteria;D_3__Paracaedibacterales;D_4__Paracaedibacteraceae	1.0	1.0	1.0	6.75	48.0	1.0	1.0	1.0	1.75	8.0	11.0	27.25	38.5	46.75	66.0	1.0	1.0	1.0	22.0	41.0	1.0	1.0	1.0	1.0	1.0	1.0	1.0	12.5	21.0	29.0
D_0__Bacteria;D_1__Proteobacteria;D_2__Alphaproteobacteria;D_3__Parvibaculales;D_4__PS1 clade	1.0	1.0	11.0	15.5	41.0	1.0	1.0	1.0	2.75	10.0	1.0	1.0	1.0	1.0	9.0	1.0	1.0	12.0	19.0	38.0	1.0	1.0	1.0	1.0	10.0	1.0	1.0	1.0	1.0	12.0
D_0__Bacteria;D_1__Proteobacteria;D_2__Alphaproteobacteria;D_3__Parvibaculales;D_4__Parvibaculaceae	1.0	1.0	1.0	12.5	49.0	1.0	1.0	1.0	1.75	15.0	1.0	11.75	22.5	34.5	61.0	1.0	14.5	22.0	50.0	99.0	1.0	1.0	1.0	9.5	31.0	1.0	10.25	17.0	30.0	41.0
D_0__Bacteria;D_1__Proteobacteria;D_2__Alphaproteobacteria;D_3__Puniceispirillales;D_4__SAR116 clade	1.0	10.75	26.5	53.5	108.0	1.0	4.0	6.0	8.5	33.0	1.0	1.0	1.0	1.0	1.0	1.0	1.0	1.0	1.0	14.0	1.0	1.0	1.0	1.0	1.0	1.0	1.0	1.0	1.0	1.0
D_0__Bacteria;D_1__Proteobacteria;D_2__Alphaproteobacteria;D_3__Puniceispirillales;D_4__uncultured	1.0	1.0	1.0	1.0	6.0	1.0	1.0	1.0	1.0	1.0	1.0	1.0	1.0	1.0	3.0	1.0	1.0	1.0	1.0	4.0	1.0	1.0	1.0	1.0	1.0	1.0	1.0	1.0	1.0	4.0
D_0__Bacteria;D_1__Proteobacteria;D_2__Alphaproteobacteria;D_3__Rhizobiales;D_4__Hyphomicrobiaceae	1.0	1.0	1.0	7.25	41.0	1.0	1.0	1.0	1.0	16.0	1.0	1.0	1.0	1.0	18.0	1.0	1.0	1.0	8.0	24.0	1.0	1.0	1.0	1.0	1.0	1.0	1.0	1.0	1.0	45.0
D_0__Bacteria;D_1__Proteobacteria;D_2__Alphaproteobacteria;D_3__Rhizobiales;D_4__KF-JG30-B3	1.0	1.0	1.0	1.0	1.0	1.0	1.0	1.0	1.0	1.0	1.0	1.0	1.0	1.0	18.0	1.0	1.0	1.0	1.0	19.0	1.0	1.0	1.0	1.0	1.0	1.0	1.0	1.0	1.0	1.0
D_0__Bacteria;D_1__Proteobacteria;D_2__Alphaproteobacteria;D_3__Rhizobiales;D_4__Rhizobiaceae	18.0	46.25	100.5	195.75	276.0	1.0	4.75	18.0	26.5	79.0	4.0	24.5	46.5	73.5	134.0	84.0	265.5	461.0	510.0	617.0	198.0	263.75	283.5	378.0	440.0	888.0	1017.0	1156.5	1428.75	1818.0
D_0__Bacteria;D_1__Proteobacteria;D_2__Alphaproteobacteria;D_3__Rhizobiales;D_4__Rhizobiales Incertae Sedis	1.0	1.0	5.5	10.0	25.0	1.0	1.0	1.0	1.0	5.0	1.0	1.0	1.0	1.0	1.0	1.0	1.0	1.0	1.0	17.0	1.0	1.0	1.0	1.0	1.0	1.0	1.0	1.0	2.75	16.0
D_0__Bacteria;D_1__Proteobacteria;D_2__Alphaproteobacteria;D_3__Rhizobiales;D_4__Stappiaceae	1.0	1.0	1.0	1.0	1.0	1.0	1.0	1.0	1.0	9.0	1.0	1.0	1.0	1.0	1.0	1.0	1.0	1.0	1.0	37.0	1.0	1.0	1.0	1.0	1.0	1.0	1.0	1.0	1.0	1.0
D_0__Bacteria;D_1__Proteobacteria;D_2__Alphaproteobacteria;D_3__Rhodobacterales;D_4__Rhodobacteraceae	472.0	968.75	1377.0	3040.0	3957.0	163.0	367.5	442.5	566.0	1026.0	354.0	545.25	681.5	949.25	1266.0	3297.0	4483.0	4675.0	5667.5	8983.0	5172.0	5647.5	6462.0	7387.75	9027.0	6677.0	9494.5	9992.0	10782.0	13874.0
D_0__Bacteria;D_1__Proteobacteria;D_2__Alphaproteobacteria;D_3__Rhodospirillales;D_4__AEGEAN-169 marine group	1.0	1.0	1.0	1.0	12.0	1.0	1.0	1.0	1.0	1.0	1.0	1.0	1.0	1.0	1.0	1.0	1.0	1.0	1.0	1.0	1.0	1.0	1.0	1.0	1.0	1.0	1.0	1.0	1.0	1.0
D_0__Bacteria;D_1__Proteobacteria;D_2__Alphaproteobacteria;D_3__Rhodospirillales;D_4__Magnetospiraceae	1.0	1.0	9.5	16.5	28.0	1.0	1.0	1.0	1.0	12.0	1.0	1.0	1.0	1.75	12.0	1.0	1.0	1.0	1.0	1.0	1.0	1.0	1.0	1.0	1.0	1.0	1.0	1.0	1.0	1.0
D_0__Bacteria;D_1__Proteobacteria;D_2__Alphaproteobacteria;D_3__Rhodospirillales;D_4__Rhodospirillaceae	1.0	1.0	1.0	2.25	22.0	1.0	1.0	1.0	1.0	1.0	1.0	1.0	1.0	1.0	1.0	1.0	1.0	1.0	1.0	21.0	1.0	1.0	1.0	1.0	1.0	1.0	1.0	1.0	1.0	1.0
D_0__Bacteria;D_1__Proteobacteria;D_2__Alphaproteobacteria;D_3__Rhodospirillales;D_4__Terasakiellaceae	1.0	1.0	20.0	40.5	51.0	1.0	1.0	1.0	6.5	29.0	1.0	1.0	1.0	1.0	4.0	1.0	1.0	1.0	1.0	5.0	1.0	1.0	1.0	1.0	1.0	1.0	1.0	1.0	1.0	1.0
D_0__Bacteria;D_1__Proteobacteria;D_2__Alphaproteobacteria;D_3__Rhodospirillales;D_4__Thalassospiraceae	1.0	1.0	1.0	6.75	9.0	1.0	1.0	1.0	1.0	1.0	1.0	1.0	1.0	1.0	1.0	1.0	1.0	1.0	1.0	11.0	1.0	1.0	1.0	1.0	1.0	1.0	1.0	1.0	1.0	1.0
D_0__Bacteria;D_1__Proteobacteria;D_2__Alphaproteobacteria;D_3__Rhodospirillales;D_4__uncultured	1.0	1.0	5.0	11.0	23.0	1.0	1.0	1.0	1.0	4.0	1.0	1.0	1.0	1.0	1.0	1.0	1.0	1.0	1.0	1.0	1.0	1.0	1.0	1.0	12.0	1.0	1.0	1.0	1.0	1.0
D_0__Bacteria;D_1__Proteobacteria;D_2__Alphaproteobacteria;D_3__Rhodospirillales;__	1.0	1.0	1.0	1.0	7.0	1.0	1.0	1.0	1.0	1.0	1.0	1.0	1.0	1.0	1.0	1.0	1.0	1.0	1.0	1.0	1.0	1.0	1.0	1.0	1.0	1.0	1.0	1.0	1.0	1.0
D_0__Bacteria;D_1__Proteobacteria;D_2__Alphaproteobacteria;D_3__Rhodovibrionales;D_4__Kiloniellaceae	1.0	1.0	7.0	18.0	56.0	1.0	1.0	1.0	1.0	6.0	1.0	1.0	1.0	1.0	14.0	1.0	1.0	1.0	1.0	11.0	1.0	1.0	1.0	1.0	1.0	1.0	1.0	1.0	1.0	19.0
D_0__Bacteria;D_1__Proteobacteria;D_2__Alphaproteobacteria;D_3__Rickettsiales;D_4__AB1	1.0	1.0	1.0	1.0	13.0	1.0	1.0	1.0	1.0	12.0	1.0	1.0	5.0	11.25	21.0	1.0	1.0	1.0	1.0	8.0	1.0	1.0	1.0	1.0	1.0	1.0	36.0	57.5	85.75	115.0
D_0__Bacteria;D_1__Proteobacteria;D_2__Alphaproteobacteria;D_3__Rickettsiales;D_4__Anaplasmataceae	1.0	1.0	1.0	1.0	1.0	1.0	1.0	1.0	1.0	1.0	1.0	1.0	1.0	1.0	1.0	1.0	1.0	1.0	1.0	1.0	1.0	1.0	1.0	1.0	1.0	1.0	1.0	1.0	1.0	4.0
D_0__Bacteria;D_1__Proteobacteria;D_2__Alphaproteobacteria;D_3__Rickettsiales;D_4__Midichloriaceae	1.0	1.0	1.0	3.0	56.0	1.0	1.0	1.0	1.0	8.0	1.0	1.0	2.0	10.0	53.0	1.0	1.0	12.0	53.0	102.0	1.0	1.0	1.0	6.75	15.0	1.0	1.0	1.0	11.75	34.0
D_0__Bacteria;D_1__Proteobacteria;D_2__Alphaproteobacteria;D_3__Rickettsiales;D_4__Mitochondria	1.0	1.0	5.5	15.75	29.0	1.0	1.0	1.0	2.0	10.0	1.0	6.0	16.0	27.25	97.0	1.0	1.0	1.0	1.0	87.0	1.0	1.0	1.0	1.0	17.0	1.0	1.0	2.0	15.25	29.0
D_0__Bacteria;D_1__Proteobacteria;D_2__Alphaproteobacteria;D_3__Rickettsiales;D_4__Rickettsiaceae	1.0	1.0	3.0	23.5	39.0	1.0	1.0	1.5	5.75	35.0	1.0	18.75	59.0	111.5	176.0	90.0	457.0	730.0	1260.5	1722.0	1.0	98.5	182.0	230.0	343.0	279.0	445.0	701.0	825.25	1295.0
D_0__Bacteria;D_1__Proteobacteria;D_2__Alphaproteobacteria;D_3__Rickettsiales;D_4__SM2D12	1.0	1.0	1.0	10.5	36.0	1.0	1.0	1.0	1.0	5.0	1.0	1.0	1.0	1.0	33.0	1.0	1.0	1.0	1.0	5.0	1.0	1.0	1.0	13.0	54.0	13.0	25.5	38.0	50.5	144.0
D_0__Bacteria;D_1__Proteobacteria;D_2__Alphaproteobacteria;D_3__Rickettsiales;D_4__uncultured	1.0	1.0	1.0	1.0	1.0	1.0	1.0	1.0	1.0	1.0	1.0	1.0	1.0	1.0	1.0	1.0	1.0	1.0	1.0	1.0	1.0	1.0	1.0	1.0	1.0	1.0	1.0	1.0	1.0	8.0
D_0__Bacteria;D_1__Proteobacteria;D_2__Alphaproteobacteria;D_3__Rickettsiales;__	1.0	1.0	1.0	2.25	13.0	1.0	1.0	1.0	1.0	1.0	1.0	1.0	1.0	2.75	33.0	1.0	1.0	1.0	1.0	5.0	1.0	1.0	1.0	1.0	15.0	1.0	1.0	1.0	5.5	22.0
D_0__Bacteria;D_1__Proteobacteria;D_2__Alphaproteobacteria;D_3__SAR11 clade;D_4__Clade I	1.0	1.0	8.0	16.25	40.0	1.0	1.0	1.0	2.75	12.0	1.0	1.0	1.0	1.0	1.0	1.0	1.0	1.0	1.0	1.0	1.0	1.0	1.0	1.0	1.0	1.0	1.0	1.0	1.0	1.0
D_0__Bacteria;D_1__Proteobacteria;D_2__Alphaproteobacteria;D_3__Sneathiellales;D_4__Sneathiellaceae	1.0	1.0	1.0	1.0	6.0	1.0	1.0	1.0	1.0	1.0	1.0	1.0	1.0	1.0	13.0	1.0	1.0	1.0	1.0	1.0	1.0	1.0	1.0	1.0	1.0	1.0	1.0	1.0	8.0	12.0
D_0__Bacteria;D_1__Proteobacteria;D_2__Alphaproteobacteria;D_3__Sphingomonadales;D_4__Sphingomonadaceae	61.0	129.0	139.0	317.25	582.0	17.0	41.75	58.5	67.75	85.0	149.0	227.75	293.5	312.5	427.0	644.0	1488.0	1583.0	1897.0	3044.0	1063.0	1451.75	2481.0	2826.25	4606.0	1618.0	2117.75	2491.5	2960.0	4928.0
D_0__Bacteria;D_1__Proteobacteria;D_2__Alphaproteobacteria;D_3__Thalassobaculales;D_4__uncultured	1.0	1.0	1.0	1.0	1.0	1.0	1.0	1.0	1.0	1.0	1.0	1.0	1.0	1.0	9.0	1.0	1.0	1.0	1.0	1.0	1.0	1.0	1.0	1.0	1.0	1.0	1.0	1.0	1.0	1.0
D_0__Bacteria;D_1__Proteobacteria;D_2__Alphaproteobacteria;D_3__Tistrellales;D_4__Geminicoccaceae	1.0	1.0	1.0	1.0	10.0	1.0	1.0	1.0	1.0	1.0	1.0	1.0	1.0	1.0	1.0	1.0	1.0	1.0	1.0	4.0	1.0	1.0	1.0	1.0	1.0	1.0	1.0	1.0	1.0	9.0
D_0__Bacteria;D_1__Proteobacteria;D_2__Alphaproteobacteria;D_3__uncultured;D_4__uncultured Rhodobacteraceae bacterium	1.0	1.0	1.0	1.0	15.0	1.0	1.0	1.0	1.0	1.0	1.0	1.0	1.0	1.0	1.0	1.0	1.0	1.0	1.0	1.0	1.0	1.0	1.0	1.0	1.0	1.0	1.0	1.0	1.0	1.0
D_0__Bacteria;D_1__Proteobacteria;D_2__Alphaproteobacteria;D_3__uncultured;D_4__uncultured alpha proteobacterium	1.0	1.0	1.0	11.0	19.0	1.0	1.0	1.0	1.0	13.0	1.0	1.0	1.0	1.0	1.0	1.0	1.0	1.0	6.5	17.0	1.0	1.0	1.0	1.0	13.0	1.0	1.0	1.0	1.0	1.0
D_0__Bacteria;D_1__Proteobacteria;D_2__Alphaproteobacteria;D_3__uncultured;D_4__uncultured bacterium	1.0	1.0	1.0	1.0	14.0	1.0	1.0	1.0	1.0	1.0	1.0	1.0	1.0	1.0	1.0	1.0	1.0	1.0	1.0	1.0	1.0	1.0	1.0	1.0	1.0	1.0	1.0	1.0	1.0	1.0
D_0__Bacteria;D_1__Proteobacteria;D_2__Alphaproteobacteria;D_3__uncultured;D_4__unidentified marine bacterioplankton	1.0	1.0	1.0	1.0	17.0	1.0	1.0	1.0	1.0	1.0	1.0	1.0	1.0	1.0	1.0	1.0	1.0	1.0	1.0	23.0	1.0	1.0	1.0	1.0	1.0	1.0	1.0	1.0	1.0	1.0
D_0__Bacteria;D_1__Proteobacteria;D_2__Alphaproteobacteria;D_3__uncultured;__	1.0	5.5	12.0	25.5	59.0	1.0	1.0	1.0	1.5	22.0	1.0	1.0	1.0	10.75	21.0	1.0	1.0	13.0	30.0	59.0	1.0	1.0	1.0	1.0	1.0	1.0	1.0	1.0	1.0	17.0
D_0__Bacteria;D_1__Proteobacteria;D_2__Alphaproteobacteria;__;__	17.0	28.75	48.5	62.0	208.0	1.0	2.5	6.5	10.25	15.0	1.0	7.75	15.0	22.75	42.0	86.0	129.5	183.0	261.5	507.0	162.0	286.75	333.0	474.25	720.0	115.0	126.5	148.0	169.25	227.0
D_0__Bacteria;D_1__Proteobacteria;D_2__Deltaproteobacteria;D_3__Bdellovibrionales;D_4__Bacteriovoracaceae	17.0	69.0	79.0	115.0	254.0	3.0	7.0	17.0	35.0	72.0	1.0	5.25	9.5	17.25	56.0	5.0	14.0	26.0	44.5	78.0	69.0	110.25	125.5	175.75	258.0	199.0	240.5	405.0	478.5	536.0
D_0__Bacteria;D_1__Proteobacteria;D_2__Deltaproteobacteria;D_3__Bdellovibrionales;D_4__Bdellovibrionaceae	7.0	23.5	36.0	58.75	104.0	1.0	1.0	4.0	8.0	28.0	1.0	4.0	13.0	27.5	44.0	26.0	33.0	57.0	114.5	220.0	9.0	52.75	77.5	110.5	179.0	366.0	430.25	677.0	728.75	1079.0
D_0__Bacteria;D_1__Proteobacteria;D_2__Deltaproteobacteria;D_3__Bradymonadales;D_4__uncultured bacterium	1.0	1.0	1.0	2.0	25.0	1.0	1.0	1.0	1.0	1.0	1.0	1.0	1.0	2.0	10.0	1.0	1.0	1.0	7.0	21.0	1.0	1.0	1.0	1.0	4.0	1.0	1.0	4.5	16.75	44.0
D_0__Bacteria;D_1__Proteobacteria;D_2__Deltaproteobacteria;D_3__Bradymonadales;D_4__uncultured marine bacterium	1.0	1.0	1.0	1.0	14.0	1.0	1.0	1.0	1.0	1.0	1.0	1.0	1.0	1.0	1.0	1.0	1.0	1.0	1.0	1.0	1.0	1.0	1.0	1.0	1.0	1.0	1.0	1.0	1.0	1.0
D_0__Bacteria;D_1__Proteobacteria;D_2__Deltaproteobacteria;D_3__Bradymonadales;__	1.0	1.0	3.0	8.5	24.0	1.0	1.0	1.0	1.0	4.0	1.0	1.0	3.5	10.5	23.0	1.0	1.0	7.0	13.0	19.0	1.0	1.0	2.5	7.25	21.0	6.0	27.25	43.5	70.25	118.0
D_0__Bacteria;D_1__Proteobacteria;D_2__Deltaproteobacteria;D_3__Deltaproteobacteria Incertae Sedis;D_4__Unknown Family	1.0	1.0	1.0	1.0	1.0	1.0	1.0	1.0	1.0	1.0	1.0	1.0	1.0	1.0	5.0	1.0	1.0	1.0	1.0	1.0	1.0	1.0	1.0	1.0	1.0	1.0	1.0	1.0	1.0	1.0
D_0__Bacteria;D_1__Proteobacteria;D_2__Deltaproteobacteria;D_3__Desulfarculales;D_4__Desulfarculaceae	1.0	1.0	1.0	9.5	22.0	1.0	1.0	1.0	1.0	7.0	1.0	1.0	1.0	1.0	12.0	1.0	1.0	1.0	1.0	27.0	1.0	1.0	1.0	1.0	1.0	1.0	1.0	1.0	1.0	1.0
D_0__Bacteria;D_1__Proteobacteria;D_2__Deltaproteobacteria;D_3__Desulfobacterales;D_4__Desulfobacteraceae	1.0	18.0	36.0	43.75	102.0	1.0	1.0	1.0	1.5	15.0	1.0	1.0	11.0	26.0	57.0	1.0	3.0	9.0	22.5	94.0	1.0	1.0	1.0	1.0	6.0	1.0	1.0	1.0	4.0	19.0
D_0__Bacteria;D_1__Proteobacteria;D_2__Deltaproteobacteria;D_3__Desulfobacterales;D_4__Desulfobulbaceae	22.0	41.5	51.0	78.0	203.0	1.0	3.25	9.0	16.25	31.0	1.0	14.0	35.0	42.75	98.0	35.0	50.5	78.0	91.0	109.0	1.0	1.0	4.0	13.5	19.0	9.0	9.75	14.0	19.25	23.0
D_0__Bacteria;D_1__Proteobacteria;D_2__Deltaproteobacteria;D_3__Desulfovibrionales;D_4__Desulfomicrobiaceae	1.0	1.0	1.0	1.0	8.0	1.0	1.0	1.0	1.0	1.0	1.0	1.0	1.0	1.0	1.0	1.0	1.0	1.0	1.0	1.0	1.0	1.0	1.0	1.0	1.0	1.0	1.0	1.0	1.0	1.0
D_0__Bacteria;D_1__Proteobacteria;D_2__Deltaproteobacteria;D_3__Desulfovibrionales;D_4__Desulfovibrionaceae	1.0	1.0	1.0	1.0	8.0	1.0	1.0	1.0	1.0	1.0	1.0	1.0	1.0	1.0	5.0	1.0	1.0	1.0	1.0	1.0	1.0	1.0	1.0	1.0	1.0	1.0	1.0	1.0	1.0	1.0
D_0__Bacteria;D_1__Proteobacteria;D_2__Deltaproteobacteria;D_3__Desulfuromonadales;D_4__Desulfuromonadaceae	1.0	1.0	1.0	1.0	15.0	1.0	1.0	1.0	1.0	1.0	1.0	1.0	1.0	1.0	1.0	1.0	1.0	1.0	1.0	1.0	1.0	1.0	1.0	1.0	1.0	1.0	1.0	1.0	1.0	1.0
D_0__Bacteria;D_1__Proteobacteria;D_2__Deltaproteobacteria;D_3__Desulfuromonadales;D_4__Geobacteraceae	1.0	1.0	1.0	1.0	1.0	1.0	1.0	1.0	1.0	1.0	1.0	1.0	1.0	1.0	14.0	1.0	1.0	1.0	1.0	1.0	1.0	1.0	1.0	1.0	1.0	1.0	1.0	1.0	1.0	15.0
D_0__Bacteria;D_1__Proteobacteria;D_2__Deltaproteobacteria;D_3__Desulfuromonadales;D_4__Sva1033	1.0	1.0	1.0	1.75	15.0	1.0	1.0	1.0	1.0	1.0	1.0	1.0	1.0	1.0	13.0	1.0	1.0	1.0	2.5	10.0	1.0	1.0	1.0	1.0	1.0	1.0	1.0	1.0	1.0	1.0
D_0__Bacteria;D_1__Proteobacteria;D_2__Deltaproteobacteria;D_3__Desulfuromonadales;__	1.0	1.0	1.0	1.0	12.0	1.0	1.0	1.0	1.0	1.0	1.0	1.0	1.0	1.0	1.0	1.0	1.0	1.0	1.0	1.0	1.0	1.0	1.0	1.0	1.0	1.0	1.0	1.0	1.0	1.0
D_0__Bacteria;D_1__Proteobacteria;D_2__Deltaproteobacteria;D_3__MBNT15;__	1.0	1.0	1.0	1.0	3.0	1.0	1.0	1.0	1.0	1.0	1.0	1.0	1.0	1.0	1.0	1.0	1.0	1.0	1.0	1.0	1.0	1.0	1.0	1.0	1.0	1.0	1.0	1.0	1.0	1.0
D_0__Bacteria;D_1__Proteobacteria;D_2__Deltaproteobacteria;D_3__Myxococcales;D_4__BIrii41	1.0	1.0	1.0	6.25	26.0	1.0	1.0	1.0	1.0	8.0	1.0	1.0	1.0	1.0	5.0	1.0	1.0	1.0	1.0	7.0	1.0	1.0	1.0	1.0	5.0	1.0	1.0	1.0	1.0	1.0
D_0__Bacteria;D_1__Proteobacteria;D_2__Deltaproteobacteria;D_3__Myxococcales;D_4__Blfdi19	1.0	1.0	1.0	2.75	27.0	1.0	1.0	1.0	1.0	1.0	1.0	1.0	1.0	1.0	9.0	1.0	1.0	1.0	2.5	12.0	1.0	1.0	1.0	1.0	1.0	1.0	1.0	1.0	1.0	6.0
D_0__Bacteria;D_1__Proteobacteria;D_2__Deltaproteobacteria;D_3__Myxococcales;D_4__Haliangiaceae	1.0	1.0	4.5	11.75	488.0	1.0	1.0	1.0	1.0	1.0	1.0	1.0	1.0	1.0	14.0	1.0	1.0	1.0	1.0	1.0	1.0	1.0	1.0	1.0	1.0	1.0	1.0	1.0	1.0	3.0
D_0__Bacteria;D_1__Proteobacteria;D_2__Deltaproteobacteria;D_3__Myxococcales;D_4__MidBa8	1.0	1.0	1.0	7.5	13.0	1.0	1.0	1.0	1.0	1.0	1.0	1.0	1.0	1.0	9.0	1.0	1.0	1.0	1.0	1.0	1.0	1.0	1.0	1.0	1.0	1.0	1.0	1.0	1.0	1.0
D_0__Bacteria;D_1__Proteobacteria;D_2__Deltaproteobacteria;D_3__Myxococcales;D_4__Nannocystaceae	1.0	8.0	10.5	16.75	39.0	1.0	1.0	1.0	1.0	12.0	1.0	1.0	1.0	2.5	13.0	1.0	1.0	1.0	5.0	14.0	1.0	1.0	1.0	1.0	1.0	1.0	3.25	12.5	17.25	70.0
D_0__Bacteria;D_1__Proteobacteria;D_2__Deltaproteobacteria;D_3__Myxococcales;D_4__P3OB-42	1.0	1.0	1.0	8.25	11.0	1.0	1.0	1.0	1.0	3.0	1.0	1.0	1.0	1.0	7.0	1.0	1.0	1.0	1.0	3.0	1.0	1.0	1.0	1.0	16.0	1.0	1.0	1.0	1.0	8.0
D_0__Bacteria;D_1__Proteobacteria;D_2__Deltaproteobacteria;D_3__Myxococcales;D_4__PS-B29	1.0	1.0	1.0	1.0	11.0	1.0	1.0	1.0	1.0	1.0	1.0	1.0	1.0	1.0	1.0	1.0	1.0	1.0	1.0	1.0	1.0	1.0	1.0	1.0	1.0	1.0	1.0	1.0	1.0	1.0
D_0__Bacteria;D_1__Proteobacteria;D_2__Deltaproteobacteria;D_3__Myxococcales;D_4__Sandaracinaceae	1.0	1.0	6.0	16.0	36.0	1.0	1.0	1.0	1.0	13.0	1.0	1.0	2.0	8.25	16.0	1.0	2.5	10.0	13.5	50.0	1.0	1.0	1.0	1.0	10.0	22.0	29.0	62.0	89.0	123.0
D_0__Bacteria;D_1__Proteobacteria;D_2__Deltaproteobacteria;D_3__Myxococcales;D_4__bacteriap25	1.0	1.0	1.0	1.0	8.0	1.0	1.0	1.0	1.0	1.0	1.0	1.0	1.0	1.0	5.0	1.0	1.0	1.0	1.0	1.0	1.0	1.0	1.0	1.0	1.0	1.0	1.0	1.0	1.0	1.0
D_0__Bacteria;D_1__Proteobacteria;D_2__Deltaproteobacteria;D_3__Myxococcales;__	1.0	1.0	1.0	1.0	8.0	1.0	1.0	1.0	1.0	1.0	1.0	1.0	1.0	1.0	1.0	1.0	1.0	1.0	1.0	7.0	1.0	1.0	1.0	1.0	1.0	1.0	1.0	1.0	1.0	1.0
D_0__Bacteria;D_1__Proteobacteria;D_2__Deltaproteobacteria;D_3__NB1-j;D_4__hydrothermal vent metagenome	1.0	1.0	1.0	1.0	9.0	1.0	1.0	1.0	1.0	1.0	1.0	1.0	1.0	1.0	1.0	1.0	1.0	1.0	1.0	1.0	1.0	1.0	1.0	1.0	1.0	1.0	1.0	1.0	1.0	1.0
D_0__Bacteria;D_1__Proteobacteria;D_2__Deltaproteobacteria;D_3__NB1-j;D_4__marine metagenome	1.0	1.0	1.0	1.0	13.0	1.0	1.0	1.0	1.0	1.0	1.0	1.0	1.0	1.0	1.0	1.0	1.0	1.0	1.0	1.0	1.0	1.0	1.0	1.0	1.0	1.0	1.0	1.0	1.0	1.0
D_0__Bacteria;D_1__Proteobacteria;D_2__Deltaproteobacteria;D_3__NB1-j;D_4__uncultured bacterium	1.0	1.0	1.0	1.0	14.0	1.0	1.0	1.0	1.0	1.0	1.0	1.0	1.0	1.0	1.0	1.0	1.0	1.0	1.0	1.0	1.0	1.0	1.0	1.0	1.0	1.0	1.0	1.0	1.0	1.0
D_0__Bacteria;D_1__Proteobacteria;D_2__Deltaproteobacteria;D_3__NB1-j;D_4__uncultured organism	1.0	1.0	1.0	3.25	14.0	1.0	1.0	1.0	1.0	1.0	1.0	1.0	1.0	1.0	1.0	1.0	1.0	1.0	1.0	15.0	1.0	1.0	1.0	1.0	1.0	1.0	1.0	1.0	1.0	9.0
D_0__Bacteria;D_1__Proteobacteria;D_2__Deltaproteobacteria;D_3__NB1-j;D_4__uncultured prokaryote	1.0	1.0	1.0	1.0	1.0	1.0	1.0	1.0	1.0	1.0	1.0	1.0	1.0	1.0	1.0	1.0	1.0	1.0	1.0	11.0	1.0	1.0	1.0	1.0	1.0	1.0	1.0	1.0	1.0	1.0
D_0__Bacteria;D_1__Proteobacteria;D_2__Deltaproteobacteria;D_3__NB1-j;__	1.0	1.0	15.0	22.75	51.0	1.0	1.0	1.0	5.25	9.0	1.0	1.0	2.5	7.25	40.0	1.0	1.0	1.0	13.5	24.0	1.0	1.0	1.0	1.0	1.0	1.0	1.0	1.0	1.0	12.0
D_0__Bacteria;D_1__Proteobacteria;D_2__Deltaproteobacteria;D_3__Oligoflexales;D_4__0319-6G20	1.0	1.0	1.0	4.5	33.0	1.0	1.0	1.0	1.0	1.0	1.0	1.0	1.0	1.0	13.0	1.0	1.0	1.0	1.0	4.0	1.0	1.0	1.0	1.0	1.0	1.0	1.0	1.0	1.0	1.0
D_0__Bacteria;D_1__Proteobacteria;D_2__Deltaproteobacteria;D_3__Oligoflexales;D_4__Oligoflexaceae	4.0	15.75	23.5	39.5	68.0	1.0	1.0	1.0	4.25	10.0	1.0	1.0	1.0	6.75	59.0	1.0	1.0	1.0	6.5	17.0	1.0	1.0	4.5	9.5	31.0	90.0	176.5	338.0	549.5	725.0
D_0__Bacteria;D_1__Proteobacteria;D_2__Deltaproteobacteria;D_3__PB19;D_4__Deltaproteobacteria bacterium SMP-3	1.0	1.0	1.0	1.0	1.0	1.0	1.0	1.0	1.0	8.0	1.0	1.0	1.0	1.0	1.0	1.0	1.0	1.0	1.0	1.0	1.0	1.0	1.0	1.0	1.0	1.0	1.0	1.0	1.0	1.0
D_0__Bacteria;D_1__Proteobacteria;D_2__Deltaproteobacteria;D_3__PB19;D_4__uncultured bacterium	1.0	1.0	1.0	1.75	13.0	1.0	1.0	1.0	1.0	1.0	1.0	1.0	1.0	1.0	5.0	1.0	1.0	1.0	1.0	5.0	1.0	1.0	1.0	1.0	1.0	1.0	1.0	1.0	1.0	1.0
D_0__Bacteria;D_1__Proteobacteria;D_2__Deltaproteobacteria;D_3__PB19;D_4__uncultured delta proteobacterium	1.0	1.0	1.0	1.0	1.0	1.0	1.0	1.0	1.0	11.0	1.0	1.0	1.0	1.0	1.0	1.0	1.0	1.0	1.0	1.0	1.0	1.0	1.0	1.0	1.0	1.0	1.0	1.0	1.0	1.0
D_0__Bacteria;D_1__Proteobacteria;D_2__Deltaproteobacteria;D_3__PB19;__	1.0	1.0	1.0	1.0	15.0	1.0	1.0	1.0	1.0	1.0	1.0	1.0	1.0	1.0	7.0	1.0	1.0	1.0	1.0	6.0	1.0	1.0	1.0	1.0	1.0	1.0	1.0	1.0	7.5	17.0
D_0__Bacteria;D_1__Proteobacteria;D_2__Deltaproteobacteria;D_3__SAR324 clade(Marine group B);D_4__Candidatus Nitrosoarchaeum limnia SFB1	1.0	1.0	1.0	1.0	1.0	1.0	1.0	1.0	1.0	5.0	1.0	1.0	1.0	1.0	1.0	1.0	1.0	1.0	1.0	1.0	1.0	1.0	1.0	1.0	1.0	1.0	1.0	1.0	1.0	1.0
D_0__Bacteria;D_1__Proteobacteria;D_2__Deltaproteobacteria;D_3__SAR324 clade(Marine group B);D_4__uncultured bacterium	1.0	1.0	1.0	9.0	25.0	1.0	1.0	1.0	1.0	10.0	1.0	1.0	1.0	1.0	1.0	1.0	1.0	1.0	1.0	22.0	1.0	1.0	1.0	1.0	1.0	1.0	1.0	1.0	1.0	9.0
D_0__Bacteria;D_1__Proteobacteria;D_2__Deltaproteobacteria;D_3__SAR324 clade(Marine group B);__	1.0	1.0	1.0	5.75	30.0	1.0	1.0	1.0	1.0	3.0	1.0	1.0	1.0	1.0	1.0	1.0	1.0	1.0	1.0	20.0	1.0	1.0	1.0	1.0	5.0	1.0	1.0	1.0	1.0	1.0
D_0__Bacteria;D_1__Proteobacteria;D_2__Deltaproteobacteria;D_3__Sva0485;Ambiguous_taxa	1.0	1.0	1.0	1.0	1.0	1.0	1.0	1.0	1.0	5.0	1.0	1.0	1.0	1.0	1.0	1.0	1.0	1.0	1.0	1.0	1.0	1.0	1.0	1.0	1.0	1.0	1.0	1.0	1.0	1.0
D_0__Bacteria;D_1__Proteobacteria;D_2__Deltaproteobacteria;D_3__Sva0485;D_4__metagenome	1.0	1.0	1.0	1.0	10.0	1.0	1.0	1.0	1.0	5.0	1.0	1.0	1.0	1.0	18.0	1.0	1.0	1.0	1.0	19.0	1.0	1.0	1.0	1.0	1.0	1.0	1.0	1.0	1.0	1.0
D_0__Bacteria;D_1__Proteobacteria;D_2__Deltaproteobacteria;D_3__Sva0485;D_4__uncultured bacterium	1.0	1.0	1.0	1.0	21.0	1.0	1.0	1.0	1.0	1.0	1.0	1.0	1.0	1.0	1.0	1.0	1.0	1.0	1.0	1.0	1.0	1.0	1.0	1.0	1.0	1.0	1.0	1.0	1.0	1.0
D_0__Bacteria;D_1__Proteobacteria;D_2__Deltaproteobacteria;D_3__Sva0485;__	1.0	1.0	1.0	1.0	23.0	1.0	1.0	1.0	1.0	1.0	1.0	1.0	1.0	2.25	10.0	1.0	1.0	1.0	1.0	33.0	1.0	1.0	1.0	1.0	1.0	1.0	1.0	1.0	1.0	1.0
D_0__Bacteria;D_1__Proteobacteria;D_2__Deltaproteobacteria;D_3__Syntrophobacterales;D_4__Syntrophobacteraceae	1.0	1.0	1.0	1.0	15.0	1.0	1.0	1.0	1.0	3.0	1.0	1.0	1.0	2.0	6.0	1.0	1.0	1.0	1.0	47.0	1.0	1.0	1.0	1.0	1.0	1.0	1.0	1.0	1.0	1.0
D_0__Bacteria;D_1__Proteobacteria;D_2__Deltaproteobacteria;__;__	1.0	1.0	6.0	10.0	15.0	1.0	1.0	1.0	1.0	5.0	1.0	1.0	1.0	1.0	1.0	1.0	1.0	1.0	1.0	5.0	1.0	1.0	1.0	1.0	22.0	1.0	1.0	1.0	1.75	20.0
D_0__Bacteria;D_1__Proteobacteria;D_2__Gammaproteobacteria;D_3__Alteromonadales;D_4__Alteromonadaceae	728.0	1435.25	1868.0	1961.5	3198.0	188.0	266.0	535.0	656.75	917.0	625.0	1695.25	2216.0	3580.5	5413.0	15.0	1230.5	1710.0	2358.0	4755.0	56.0	119.5	212.5	283.75	427.0	99.0	253.25	363.5	504.75	685.0
D_0__Bacteria;D_1__Proteobacteria;D_2__Gammaproteobacteria;D_3__Alteromonadales;D_4__Colwelliaceae	545.0	939.25	1079.0	1624.25	2442.0	431.0	1052.25	1604.0	2192.25	4272.0	1694.0	3665.0	5903.0	8881.25	10707.0	20.0	1044.5	1454.0	1797.5	10740.0	1.0	1.0	1.0	1.0	8.0	1.0	1.0	1.0	3.0	16.0
D_0__Bacteria;D_1__Proteobacteria;D_2__Gammaproteobacteria;D_3__Alteromonadales;D_4__Marinobacteraceae	1.0	1.0	1.0	1.0	1.0	1.0	1.0	1.0	1.0	1.0	1.0	1.0	1.0	1.0	1.0	1.0	1.0	1.0	1.0	19.0	1.0	1.0	1.0	1.0	1.0	1.0	1.0	1.0	1.0	1.0
D_0__Bacteria;D_1__Proteobacteria;D_2__Gammaproteobacteria;D_3__Alteromonadales;D_4__Moritellaceae	1.0	1.0	1.0	1.0	68.0	1.0	1.0	1.0	1.0	1.0	1.0	1.0	1.0	1.0	15.0	1.0	1.0	1.0	4.5	21.0	1.0	1.0	1.0	1.0	1.0	1.0	1.0	1.0	5.25	13.0
D_0__Bacteria;D_1__Proteobacteria;D_2__Gammaproteobacteria;D_3__Alteromonadales;D_4__Pseudoalteromonadaceae	1067.0	2606.25	3779.5	5046.5	7575.0	187.0	1216.0	1924.5	3558.75	6633.0	244.0	661.0	964.0	1660.75	2846.0	46.0	158.5	337.0	502.5	684.0	1.0	1.0	1.0	1.0	3.0	1.0	1.0	1.0	1.0	21.0
D_0__Bacteria;D_1__Proteobacteria;D_2__Gammaproteobacteria;D_3__Alteromonadales;D_4__Shewanellaceae	4.0	38.0	42.0	64.5	202.0	1.0	5.5	11.5	20.0	52.0	1.0	1.0	34.0	36.0	91.0	1.0	1.0	8.0	27.5	79.0	1.0	1.0	1.0	1.0	13.0	1.0	1.0	1.0	1.0	26.0
D_0__Bacteria;D_1__Proteobacteria;D_2__Gammaproteobacteria;D_3__Arenicellales;D_4__Arenicellaceae	115.0	316.0	548.0	730.25	1064.0	70.0	206.5	237.0	314.75	697.0	1226.0	1628.25	2144.0	2374.5	3311.0	2172.0	5124.5	6654.0	7498.5	9793.0	661.0	797.25	1181.0	1856.0	3261.0	871.0	1145.5	1986.5	2654.5	3848.0
D_0__Bacteria;D_1__Proteobacteria;D_2__Gammaproteobacteria;D_3__B2M28;Ambiguous_taxa	1.0	1.0	1.0	1.0	30.0	1.0	1.0	1.0	1.0	1.0	1.0	1.0	1.0	1.0	18.0	1.0	1.0	1.0	1.0	30.0	1.0	1.0	1.0	1.0	1.0	1.0	1.0	1.0	1.0	1.0
D_0__Bacteria;D_1__Proteobacteria;D_2__Gammaproteobacteria;D_3__B2M28;__	1.0	1.0	1.0	1.0	16.0	1.0	1.0	1.0	1.0	1.0	1.0	1.0	1.0	1.0	1.0	1.0	1.0	1.0	1.0	13.0	1.0	1.0	1.0	1.0	1.0	1.0	1.0	1.0	1.0	12.0
D_0__Bacteria;D_1__Proteobacteria;D_2__Gammaproteobacteria;D_3__BD72BR169;D_4__uncultured bacterium	1.0	1.0	1.0	1.0	12.0	1.0	1.0	1.0	1.0	1.0	1.0	1.0	1.0	1.0	1.0	1.0	1.0	1.0	1.0	1.0	1.0	1.0	1.0	1.0	1.0	1.0	1.0	1.0	1.0	1.0
D_0__Bacteria;D_1__Proteobacteria;D_2__Gammaproteobacteria;D_3__Beggiatoales;D_4__Beggiatoaceae	1.0	1.0	1.0	33.0	252.0	1.0	1.0	1.0	1.0	9.0	1.0	1.0	1.0	1.0	28.0	1.0	1.0	1.0	1.0	1.0	1.0	1.0	1.0	1.0	1.0	1.0	1.0	1.0	1.0	1.0
D_0__Bacteria;D_1__Proteobacteria;D_2__Gammaproteobacteria;D_3__Betaproteobacteriales;D_4__Burkholderiaceae	1.0	1.0	2.5	19.5	35.0	1.0	1.0	1.0	1.0	1.0	1.0	1.0	1.0	1.0	5.0	1.0	1.0	1.0	1.0	1.0	1.0	1.0	1.0	1.0	1.0	1.0	1.0	1.0	1.0	1.0
D_0__Bacteria;D_1__Proteobacteria;D_2__Gammaproteobacteria;D_3__Betaproteobacteriales;D_4__EC94	1.0	1.0	1.0	1.0	4.0	1.0	1.0	1.0	1.0	8.0	1.0	1.0	1.0	1.0	1.0	1.0	1.0	1.0	1.0	1.0	1.0	1.0	1.0	1.0	1.0	1.0	1.0	1.0	1.0	1.0
D_0__Bacteria;D_1__Proteobacteria;D_2__Gammaproteobacteria;D_3__Betaproteobacteriales;D_4__Methylophilaceae	15.0	33.75	78.5	121.0	319.0	1.0	1.0	6.5	39.25	74.0	1.0	1.0	1.0	8.5	21.0	1.0	1.0	1.0	10.0	40.0	1.0	1.0	1.0	1.0	1.0	1.0	7.5	16.0	24.0	53.0
D_0__Bacteria;D_1__Proteobacteria;D_2__Gammaproteobacteria;D_3__Betaproteobacteriales;D_4__Neisseriaceae	1.0	1.0	1.0	1.0	12.0	1.0	1.0	1.0	1.0	1.0	1.0	1.0	1.0	1.0	1.0	1.0	1.0	1.0	1.0	1.0	1.0	1.0	1.0	1.0	1.0	1.0	1.0	1.0	1.0	1.0
D_0__Bacteria;D_1__Proteobacteria;D_2__Gammaproteobacteria;D_3__Betaproteobacteriales;D_4__Nitrosomonadaceae	1.0	1.0	1.0	1.0	27.0	1.0	1.0	1.0	1.0	12.0	1.0	1.0	1.0	1.0	1.0	1.0	1.0	1.0	1.0	14.0	1.0	1.0	1.0	1.0	1.0	1.0	1.0	1.0	1.0	1.0
D_0__Bacteria;D_1__Proteobacteria;D_2__Gammaproteobacteria;D_3__Betaproteobacteriales;D_4__T34	1.0	1.0	1.0	1.0	1.0	1.0	1.0	1.0	1.0	1.0	1.0	1.0	1.0	1.0	1.0	1.0	1.0	1.0	1.0	1.0	1.0	1.0	1.0	1.0	1.0	1.0	1.0	1.0	7.0	21.0
D_0__Bacteria;D_1__Proteobacteria;D_2__Gammaproteobacteria;D_3__CHAB-XI-27;__	1.0	1.0	1.0	1.0	1.0	1.0	1.0	1.0	1.0	1.0	1.0	1.0	1.0	1.0	8.0	1.0	1.0	1.0	1.0	1.0	1.0	1.0	1.0	1.0	1.0	1.0	1.0	1.0	1.0	1.0
D_0__Bacteria;D_1__Proteobacteria;D_2__Gammaproteobacteria;D_3__Cellvibrionales;D_4__Cellvibrionaceae	154.0	410.75	485.5	611.5	1069.0	107.0	185.25	283.0	375.75	502.0	172.0	312.0	432.5	525.5	1092.0	1081.0	2484.5	3742.0	5000.5	8725.0	64.0	138.75	364.5	461.5	891.0	70.0	135.0	164.0	210.25	382.0
D_0__Bacteria;D_1__Proteobacteria;D_2__Gammaproteobacteria;D_3__Cellvibrionales;D_4__Halieaceae	51.0	107.25	183.5	307.0	552.0	5.0	20.25	45.0	48.75	68.0	49.0	59.5	124.0	196.5	239.0	128.0	238.5	431.0	550.5	716.0	12.0	39.75	61.0	86.5	98.0	276.0	386.0	469.0	531.75	866.0
D_0__Bacteria;D_1__Proteobacteria;D_2__Gammaproteobacteria;D_3__Cellvibrionales;D_4__Porticoccaceae	1.0	1.0	1.0	12.25	26.0	1.0	1.0	1.0	1.0	5.0	1.0	1.0	1.0	1.0	1.0	1.0	1.0	1.0	1.0	1.0	1.0	1.0	1.0	1.0	1.0	1.0	1.0	1.0	1.0	1.0
D_0__Bacteria;D_1__Proteobacteria;D_2__Gammaproteobacteria;D_3__Cellvibrionales;D_4__Spongiibacteraceae	143.0	264.75	427.5	598.75	1488.0	58.0	97.0	205.5	296.25	594.0	66.0	86.75	128.0	225.5	535.0	22.0	86.0	124.0	169.0	222.0	11.0	24.75	38.0	43.75	62.0	361.0	496.25	589.0	747.75	1178.0
D_0__Bacteria;D_1__Proteobacteria;D_2__Gammaproteobacteria;D_3__Chromatiales;D_4__Chromatiaceae	1.0	1.0	1.0	1.0	1.0	1.0	1.0	1.0	1.0	1.0	1.0	1.0	1.0	1.0	1.0	1.0	1.0	1.0	1.0	34.0	1.0	1.0	1.0	1.0	1.0	1.0	1.0	1.0	1.0	1.0
D_0__Bacteria;D_1__Proteobacteria;D_2__Gammaproteobacteria;D_3__Coxiellales;D_4__Coxiellaceae	1.0	1.0	3.0	10.0	26.0	1.0	1.0	1.0	1.0	5.0	1.0	1.0	3.0	11.0	12.0	1.0	1.0	11.0	25.5	52.0	1.0	1.0	1.0	1.0	7.0	1.0	8.75	17.0	32.75	52.0
D_0__Bacteria;D_1__Proteobacteria;D_2__Gammaproteobacteria;D_3__Diplorickettsiales;D_4__Diplorickettsiaceae	1.0	1.0	1.0	1.0	15.0	1.0	1.0	1.0	1.0	7.0	1.0	1.0	1.0	1.0	1.0	1.0	1.0	1.0	1.0	1.0	1.0	1.0	1.0	1.0	1.0	1.0	1.0	1.0	1.0	1.0
D_0__Bacteria;D_1__Proteobacteria;D_2__Gammaproteobacteria;D_3__EC3;D_4__uncultured bacterium	1.0	1.0	1.0	1.0	1.0	1.0	1.0	1.0	1.0	1.0	1.0	1.0	1.0	1.0	5.0	1.0	1.0	1.0	1.0	21.0	1.0	1.0	1.0	1.0	11.0	1.0	1.0	1.0	1.0	1.0
D_0__Bacteria;D_1__Proteobacteria;D_2__Gammaproteobacteria;D_3__EC3;D_4__uncultured gamma proteobacterium	1.0	1.0	1.0	1.0	16.0	1.0	1.0	1.0	1.0	1.0	1.0	1.0	1.0	1.0	1.0	1.0	1.0	1.0	1.0	1.0	1.0	1.0	1.0	1.0	1.0	1.0	1.0	1.0	1.0	1.0
D_0__Bacteria;D_1__Proteobacteria;D_2__Gammaproteobacteria;D_3__EC3;__	1.0	1.0	1.0	1.0	11.0	1.0	1.0	1.0	1.0	1.0	1.0	5.5	7.5	16.75	41.0	1.0	1.0	1.0	12.5	18.0	1.0	1.0	1.0	1.0	6.0	1.0	1.0	1.0	7.25	27.0
D_0__Bacteria;D_1__Proteobacteria;D_2__Gammaproteobacteria;D_3__EPR3968-O8a-Bc78;Ambiguous_taxa	1.0	1.0	1.0	1.0	18.0	1.0	1.0	1.0	1.0	1.0	1.0	1.0	1.0	1.0	1.0	1.0	1.0	1.0	1.0	1.0	1.0	1.0	1.0	1.0	1.0	1.0	1.0	1.0	1.0	1.0
D_0__Bacteria;D_1__Proteobacteria;D_2__Gammaproteobacteria;D_3__EPR3968-O8a-Bc78;D_4__uncultured bacterium	1.0	1.0	1.0	1.0	14.0	1.0	1.0	1.0	1.0	1.0	1.0	1.0	1.0	1.0	1.0	1.0	1.0	1.0	1.0	1.0	1.0	1.0	1.0	1.0	1.0	1.0	1.0	1.0	1.0	1.0
D_0__Bacteria;D_1__Proteobacteria;D_2__Gammaproteobacteria;D_3__EPR3968-O8a-Bc78;__	1.0	1.0	1.0	1.0	21.0	1.0	1.0	1.0	1.0	1.0	1.0	1.0	1.0	1.0	1.0	1.0	1.0	1.0	1.0	1.0	1.0	1.0	1.0	1.0	1.0	1.0	1.0	1.0	1.0	1.0
D_0__Bacteria;D_1__Proteobacteria;D_2__Gammaproteobacteria;D_3__EV818SWSAP88;__	1.0	1.0	1.0	1.0	1.0	1.0	1.0	1.0	1.0	1.0	1.0	1.0	1.0	1.0	1.0	1.0	1.0	1.0	1.0	27.0	1.0	1.0	1.0	1.0	1.0	1.0	1.0	1.0	1.0	1.0
D_0__Bacteria;D_1__Proteobacteria;D_2__Gammaproteobacteria;D_3__Ectothiorhodospirales;D_4__Ectothiorhodospiraceae	1.0	1.0	3.5	17.0	53.0	1.0	1.0	1.0	1.0	1.0	1.0	1.0	4.5	9.5	24.0	1.0	7.5	12.0	27.5	59.0	1.0	1.0	1.0	1.0	1.0	1.0	1.0	1.0	2.25	20.0
D_0__Bacteria;D_1__Proteobacteria;D_2__Gammaproteobacteria;D_3__Enterobacteriales;D_4__Enterobacteriaceae	1.0	1.0	1.0	1.0	1.0	1.0	1.0	1.0	1.0	1.0	1.0	1.0	1.0	1.0	1.0	1.0	1.0	1.0	1.0	1.0	1.0	1.0	1.0	9.75	34.0	1.0	1.0	1.0	1.0	8.0
D_0__Bacteria;D_1__Proteobacteria;D_2__Gammaproteobacteria;D_3__F9P41300-M23;D_4__uncultured bacterium	1.0	1.0	1.0	1.0	13.0	1.0	1.0	1.0	1.0	1.0	1.0	1.0	1.0	1.0	1.0	1.0	1.0	1.0	1.0	1.0	1.0	1.0	1.0	1.0	1.0	1.0	1.0	1.0	1.0	1.0
D_0__Bacteria;D_1__Proteobacteria;D_2__Gammaproteobacteria;D_3__Francisellales;D_4__Francisellaceae	1.0	1.0	1.0	3.0	11.0	1.0	1.0	1.0	1.0	1.0	1.0	1.0	5.0	19.25	50.0	1.0	1.0	1.0	7.5	56.0	1.0	1.0	1.0	1.0	1.0	1.0	1.0	1.0	7.5	31.0
D_0__Bacteria;D_1__Proteobacteria;D_2__Gammaproteobacteria;D_3__Gammaproteobacteria Incertae Sedis;D_4__Unknown Family	12.0	55.25	73.5	75.25	211.0	1.0	4.0	7.5	14.25	33.0	25.0	63.25	79.5	124.0	284.0	35.0	85.0	140.0	212.0	355.0	5.0	9.25	11.5	29.25	49.0	207.0	342.5	426.0	549.5	995.0
D_0__Bacteria;D_1__Proteobacteria;D_2__Gammaproteobacteria;D_3__HOC36;Ambiguous_taxa	1.0	1.0	1.0	1.0	13.0	1.0	1.0	1.0	1.0	1.0	1.0	1.0	1.0	1.0	1.0	1.0	1.0	1.0	1.0	1.0	1.0	1.0	1.0	1.0	1.0	1.0	1.0	1.0	1.0	1.0
D_0__Bacteria;D_1__Proteobacteria;D_2__Gammaproteobacteria;D_3__HOC36;D_4__uncultured bacterium	1.0	1.0	1.0	2.25	9.0	1.0	1.0	1.0	1.0	2.0	1.0	1.0	1.0	1.0	1.0	1.0	1.0	1.0	1.0	16.0	1.0	1.0	1.0	1.0	1.0	1.0	1.0	1.0	1.0	10.0
D_0__Bacteria;D_1__Proteobacteria;D_2__Gammaproteobacteria;D_3__HOC36;D_4__uncultured sediment bacterium	1.0	1.0	1.0	1.0	9.0	1.0	1.0	1.0	1.0	8.0	1.0	1.0	1.0	1.0	1.0	1.0	1.0	1.0	1.0	13.0	1.0	1.0	1.0	1.0	1.0	1.0	1.0	1.0	1.0	10.0
D_0__Bacteria;D_1__Proteobacteria;D_2__Gammaproteobacteria;D_3__HOC36;__	1.0	1.0	1.0	1.0	6.0	1.0	1.0	1.0	1.0	1.0	1.0	1.0	1.0	1.0	7.0	1.0	1.0	1.0	1.0	1.0	1.0	1.0	1.0	1.0	1.0	1.0	1.0	1.0	1.0	4.0
D_0__Bacteria;D_1__Proteobacteria;D_2__Gammaproteobacteria;D_3__JTB23;D_4__uncultured gamma proteobacterium	1.0	1.0	1.0	1.0	21.0	1.0	1.0	1.0	1.0	1.0	1.0	1.0	1.0	1.0	12.0	1.0	1.0	1.0	1.0	1.0	1.0	1.0	1.0	1.0	1.0	1.0	1.0	1.0	1.0	1.0
D_0__Bacteria;D_1__Proteobacteria;D_2__Gammaproteobacteria;D_3__JTB23;__	1.0	1.0	1.0	1.0	27.0	1.0	1.0	1.0	1.0	1.0	1.0	1.0	1.0	1.0	26.0	1.0	1.0	1.0	1.0	1.0	1.0	1.0	1.0	1.0	1.0	1.0	1.0	1.0	1.0	1.0
D_0__Bacteria;D_1__Proteobacteria;D_2__Gammaproteobacteria;D_3__KI89A clade;Ambiguous_taxa	1.0	1.0	1.0	7.5	12.0	1.0	1.0	1.0	1.0	1.0	1.0	1.0	1.0	2.75	10.0	1.0	1.0	1.0	1.0	38.0	1.0	1.0	1.0	2.0	7.0	28.0	47.25	55.5	122.25	213.0
D_0__Bacteria;D_1__Proteobacteria;D_2__Gammaproteobacteria;D_3__KI89A clade;D_4__uncultured bacterium	1.0	1.0	1.0	1.0	8.0	1.0	1.0	1.0	1.0	1.0	1.0	1.0	1.0	1.0	8.0	1.0	1.0	1.0	1.0	24.0	1.0	1.0	1.0	1.0	4.0	1.0	1.0	7.5	10.25	28.0
D_0__Bacteria;D_1__Proteobacteria;D_2__Gammaproteobacteria;D_3__KI89A clade;D_4__uncultured deep-sea bacterium	1.0	1.0	1.0	1.0	1.0	1.0	1.0	1.0	1.0	1.0	1.0	1.0	1.0	1.0	1.0	1.0	1.0	1.0	1.0	28.0	1.0	1.0	1.0	1.0	17.0	1.0	1.0	1.0	1.0	1.0
D_0__Bacteria;D_1__Proteobacteria;D_2__Gammaproteobacteria;D_3__KI89A clade;D_4__uncultured marine bacterium	1.0	1.0	1.0	3.25	17.0	1.0	1.0	1.0	1.0	3.0	1.0	1.0	1.0	1.0	10.0	1.0	1.0	1.0	1.0	1.0	1.0	1.0	1.0	1.0	1.0	1.0	1.0	1.0	1.0	1.0
D_0__Bacteria;D_1__Proteobacteria;D_2__Gammaproteobacteria;D_3__KI89A clade;__	1.0	7.0	11.5	18.75	35.0	1.0	1.0	1.0	1.0	12.0	1.0	1.0	1.0	12.5	44.0	1.0	1.0	2.0	13.5	90.0	1.0	1.0	1.0	1.0	10.0	1.0	1.0	1.5	14.0	47.0
D_0__Bacteria;D_1__Proteobacteria;D_2__Gammaproteobacteria;D_3__Legionellales;D_4__Legionellaceae	1.0	1.0	5.0	13.75	25.0	1.0	1.0	1.0	1.0	5.0	1.0	1.0	8.0	16.5	27.0	1.0	18.0	36.0	69.0	100.0	1.0	1.0	1.0	7.0	14.0	53.0	71.25	127.5	173.25	425.0
D_0__Bacteria;D_1__Proteobacteria;D_2__Gammaproteobacteria;D_3__MBAE14;D_4__uncultured bacterium	1.0	1.0	1.0	1.0	3.0	1.0	1.0	1.0	1.0	1.0	1.0	1.0	1.0	1.0	1.0	1.0	1.0	1.0	1.0	1.0	1.0	1.0	1.0	1.0	9.0	1.0	1.0	1.0	8.5	33.0
D_0__Bacteria;D_1__Proteobacteria;D_2__Gammaproteobacteria;D_3__MD2904-B13;D_4__uncultured bacterium	1.0	1.0	1.0	1.0	13.0	1.0	1.0	1.0	1.0	6.0	1.0	1.0	1.0	1.0	1.0	1.0	1.0	1.0	1.0	1.0	1.0	1.0	1.0	1.0	1.0	1.0	1.0	1.0	1.0	1.0
D_0__Bacteria;D_1__Proteobacteria;D_2__Gammaproteobacteria;D_3__Milano-WF1B-44;__	1.0	1.0	1.0	1.0	9.0	1.0	1.0	1.0	1.0	4.0	1.0	1.0	1.0	1.0	1.0	1.0	1.0	1.0	1.0	21.0	1.0	1.0	1.0	1.0	1.0	1.0	1.0	1.0	1.0	1.0
D_0__Bacteria;D_1__Proteobacteria;D_2__Gammaproteobacteria;D_3__NKB5;D_4__uncultured bacterium	1.0	1.0	1.0	1.0	13.0	1.0	1.0	1.0	1.0	1.0	1.0	1.0	1.0	1.0	1.0	1.0	1.0	1.0	1.0	1.0	1.0	1.0	1.0	1.0	1.0	1.0	1.0	1.0	1.0	1.0
D_0__Bacteria;D_1__Proteobacteria;D_2__Gammaproteobacteria;D_3__NKB5;__	1.0	1.0	1.0	1.0	1.0	1.0	1.0	1.0	1.0	1.0	1.0	1.0	1.0	1.0	1.0	1.0	1.0	1.0	1.0	1.0	8.0	13.5	20.0	25.5	43.0	55.0	165.25	199.0	241.25	247.0
D_0__Bacteria;D_1__Proteobacteria;D_2__Gammaproteobacteria;D_3__Nitrosococcales;D_4__Nitrosococcaceae	1.0	1.0	9.5	16.75	63.0	1.0	1.0	1.0	2.75	12.0	1.0	1.0	1.0	7.0	19.0	1.0	1.0	1.0	6.0	20.0	1.0	1.0	1.0	1.0	1.0	1.0	1.0	1.0	1.0	1.0
D_0__Bacteria;D_1__Proteobacteria;D_2__Gammaproteobacteria;D_3__OM182 clade;__	1.0	1.0	1.0	7.0	11.0	1.0	1.0	1.0	1.0	6.0	1.0	1.0	1.0	1.0	9.0	1.0	1.0	1.0	1.0	1.0	1.0	1.0	1.0	1.0	1.0	1.0	1.0	6.0	10.0	28.0
D_0__Bacteria;D_1__Proteobacteria;D_2__Gammaproteobacteria;D_3__Oceanospirillales;D_4__Alcanivoracaceae	1.0	8.75	24.0	36.0	135.0	1.0	1.0	14.0	21.25	33.0	1.0	1.0	1.0	1.0	19.0	1.0	1.0	1.0	1.0	1.0	1.0	1.0	1.0	1.0	1.0	1.0	1.0	1.0	1.0	1.0
D_0__Bacteria;D_1__Proteobacteria;D_2__Gammaproteobacteria;D_3__Oceanospirillales;D_4__Endozoicomonadaceae	1.0	1.0	1.0	5.75	60.0	1.0	1.0	1.0	1.0	1.0	1.0	1.0	1.0	1.0	1.0	1.0	1.0	1.0	1.0	1.0	1.0	1.0	1.0	1.0	1.0	1.0	1.0	1.0	1.0	1.0
D_0__Bacteria;D_1__Proteobacteria;D_2__Gammaproteobacteria;D_3__Oceanospirillales;D_4__Gven-F17	1.0	14.25	34.0	69.25	189.0	1.0	5.5	12.0	15.5	29.0	1.0	1.0	18.5	22.25	61.0	8.0	19.5	25.0	38.0	56.0	1.0	1.0	1.0	1.0	12.0	1.0	1.0	1.0	2.25	14.0
D_0__Bacteria;D_1__Proteobacteria;D_2__Gammaproteobacteria;D_3__Oceanospirillales;D_4__Hahellaceae	1.0	1.0	1.0	1.0	11.0	1.0	1.0	1.0	1.0	8.0	1.0	1.0	1.0	1.0	1.0	1.0	1.0	1.0	1.0	1.0	1.0	1.0	1.0	1.0	1.0	1.0	1.0	1.0	1.0	1.0
D_0__Bacteria;D_1__Proteobacteria;D_2__Gammaproteobacteria;D_3__Oceanospirillales;D_4__Halomonadaceae	13.0	25.75	59.5	81.0	243.0	1.0	1.0	1.0	1.0	1.0	1.0	1.0	1.0	2.25	14.0	1.0	1.0	1.0	1.0	1.0	1.0	1.0	1.0	1.0	1.0	1.0	1.0	1.0	1.0	1.0
D_0__Bacteria;D_1__Proteobacteria;D_2__Gammaproteobacteria;D_3__Oceanospirillales;D_4__Kangiellaceae	1.0	11.75	22.5	32.5	45.0	1.0	1.0	1.0	6.0	23.0	61.0	146.0	304.0	555.0	765.0	1.0	1.0	7.0	23.5	95.0	1.0	1.0	1.0	1.0	1.0	1.0	1.0	1.0	1.0	16.0
D_0__Bacteria;D_1__Proteobacteria;D_2__Gammaproteobacteria;D_3__Oceanospirillales;D_4__Marinomonadaceae	87.0	164.75	245.5	271.25	489.0	14.0	26.0	28.5	61.5	112.0	1.0	1.0	1.0	5.25	37.0	1.0	1.0	1.0	1.0	8.0	1.0	1.0	1.0	1.0	1.0	1.0	1.0	1.0	1.0	1.0
D_0__Bacteria;D_1__Proteobacteria;D_2__Gammaproteobacteria;D_3__Oceanospirillales;D_4__Nitrincolaceae	31.0	104.0	156.5	223.25	303.0	1.0	1.75	5.0	19.5	51.0	1.0	1.0	10.0	30.0	63.0	1.0	4.5	12.0	42.5	107.0	1.0	1.0	18.5	24.25	30.0	74.0	135.75	159.0	222.75	686.0
D_0__Bacteria;D_1__Proteobacteria;D_2__Gammaproteobacteria;D_3__Oceanospirillales;D_4__Oleiphilaceae	882.0	1057.25	1239.0	1893.25	4463.0	245.0	586.5	786.0	1226.75	1912.0	1437.0	2736.0	3205.0	5392.25	9705.0	144.0	275.5	526.0	750.5	863.0	1.0	26.5	40.0	63.25	78.0	53.0	87.75	111.5	191.0	314.0
D_0__Bacteria;D_1__Proteobacteria;D_2__Gammaproteobacteria;D_3__Oceanospirillales;D_4__P13-46	1.0	1.0	1.0	1.0	19.0	1.0	1.0	1.0	1.0	1.0	1.0	1.0	1.0	1.0	1.0	1.0	1.0	1.0	1.0	1.0	1.0	1.0	1.0	1.0	1.0	1.0	1.0	1.0	1.0	1.0
D_0__Bacteria;D_1__Proteobacteria;D_2__Gammaproteobacteria;D_3__Oceanospirillales;D_4__Pseudohongiellaceae	1.0	1.0	4.0	12.25	31.0	1.0	1.0	1.0	1.0	7.0	1.0	1.0	1.0	1.0	9.0	1.0	1.0	1.0	1.0	1.0	1.0	1.0	1.0	1.0	8.0	1.0	13.25	18.0	24.75	41.0
D_0__Bacteria;D_1__Proteobacteria;D_2__Gammaproteobacteria;D_3__Oceanospirillales;D_4__SS1-B-06-26	1.0	28.25	40.5	64.5	110.0	1.0	1.0	4.5	13.25	31.0	1.0	1.0	1.0	1.75	46.0	1.0	1.0	1.0	3.0	11.0	1.0	1.0	1.0	1.0	1.0	1.0	1.0	1.0	1.0	1.0
D_0__Bacteria;D_1__Proteobacteria;D_2__Gammaproteobacteria;D_3__Oceanospirillales;D_4__Saccharospirillaceae	9269.0	14281.75	24858.0	29407.5	37742.0	13415.0	21078.25	33840.5	38709.0	41703.0	2773.0	4486.0	6724.0	11691.75	16358.0	25.0	45.5	80.0	125.0	272.0	1.0	1.0	1.0	1.0	51.0	1.0	14.0	40.0	63.25	232.0
D_0__Bacteria;D_1__Proteobacteria;D_2__Gammaproteobacteria;D_3__Oceanospirillales;__	1.0	1.0	1.0	1.0	28.0	1.0	1.0	1.0	1.0	15.0	1.0	1.0	1.0	1.0	32.0	1.0	1.0	1.0	1.0	1.0	1.0	1.0	1.0	1.0	1.0	1.0	1.0	1.0	1.0	1.0
D_0__Bacteria;D_1__Proteobacteria;D_2__Gammaproteobacteria;D_3__Piscirickettsiales;D_4__Piscirickettsiaceae	1.0	1.0	1.0	6.25	21.0	1.0	1.0	1.0	1.0	1.0	1.0	1.0	1.0	1.0	10.0	1.0	1.0	1.0	1.0	1.0	1.0	1.0	1.0	1.0	1.0	1.0	1.0	1.0	1.0	20.0
D_0__Bacteria;D_1__Proteobacteria;D_2__Gammaproteobacteria;D_3__Pseudomonadales;D_4__Moraxellaceae	13.0	30.25	40.0	81.0	222.0	1.0	1.0	1.0	5.5	17.0	1.0	1.0	1.0	3.75	26.0	1.0	1.0	1.0	1.0	6.0	1.0	1.0	1.0	1.0	1.0	1.0	1.0	1.0	1.0	21.0
D_0__Bacteria;D_1__Proteobacteria;D_2__Gammaproteobacteria;D_3__Pseudomonadales;D_4__Pseudomonadaceae	1.0	1.0	1.0	1.0	78.0	1.0	1.0	1.0	1.0	1.0	1.0	1.0	1.0	1.0	2.0	1.0	1.0	1.0	1.0	49.0	1.0	1.0	1.0	1.0	1.0	1.0	1.0	1.0	1.0	1.0
D_0__Bacteria;D_1__Proteobacteria;D_2__Gammaproteobacteria;D_3__S1-3-65;D_4__endosymbiont of Vannella sp. A1	1.0	1.0	1.0	1.0	1.0	1.0	1.0	1.0	1.0	1.0	1.0	1.0	1.0	1.0	1.0	1.0	1.0	1.0	1.0	1.0	1.0	1.0	1.0	1.0	1.0	1.0	1.0	1.0	1.0	8.0
D_0__Bacteria;D_1__Proteobacteria;D_2__Gammaproteobacteria;D_3__SAR86 clade;D_4__uncultured gamma proteobacterium HF0070_25G02	1.0	1.0	1.0	2.0	8.0	1.0	1.0	1.0	1.0	1.0	1.0	1.0	1.0	1.0	1.0	1.0	1.0	1.0	1.0	1.0	1.0	1.0	1.0	1.0	1.0	1.0	1.0	1.0	1.0	1.0
D_0__Bacteria;D_1__Proteobacteria;D_2__Gammaproteobacteria;D_3__SAR86 clade;__	25.0	66.0	94.0	156.0	223.0	1.0	5.5	17.5	45.5	95.0	1.0	1.0	1.0	5.25	40.0	1.0	1.0	1.0	1.0	1.0	1.0	1.0	1.0	1.0	21.0	1.0	1.0	1.0	1.0	13.0
D_0__Bacteria;D_1__Proteobacteria;D_2__Gammaproteobacteria;D_3__Salinisphaerales;D_4__Salinisphaeraceae	1.0	3.25	7.5	15.25	37.0	1.0	1.0	1.0	1.5	5.0	1.0	1.0	1.0	1.0	1.0	1.0	1.0	1.0	1.0	1.0	1.0	1.0	1.0	1.0	1.0	1.0	1.0	1.0	1.0	1.0
D_0__Bacteria;D_1__Proteobacteria;D_2__Gammaproteobacteria;D_3__Salinisphaerales;D_4__Solimonadaceae	1.0	1.0	1.0	1.0	1.0	1.0	1.0	1.0	1.0	1.0	1.0	1.0	1.0	1.0	11.0	1.0	1.0	1.0	1.0	1.0	1.0	1.0	1.0	1.0	1.0	1.0	1.0	1.0	1.0	1.0
D_0__Bacteria;D_1__Proteobacteria;D_2__Gammaproteobacteria;D_3__Steroidobacterales;D_4__Woeseiaceae	1.0	1.0	16.0	18.0	56.0	1.0	1.0	1.0	1.0	6.0	1.0	1.0	1.0	2.25	24.0	1.0	1.0	1.0	12.5	64.0	1.0	1.0	1.0	1.0	1.0	1.0	1.0	1.0	2.5	16.0
D_0__Bacteria;D_1__Proteobacteria;D_2__Gammaproteobacteria;D_3__Tenderiales;D_4__Tenderiaceae	1.0	1.0	1.0	1.0	18.0	1.0	1.0	1.0	1.0	6.0	1.0	1.0	1.0	1.0	22.0	1.0	1.0	1.0	1.0	1.0	1.0	1.0	1.0	1.0	17.0	53.0	69.25	77.5	91.75	129.0
D_0__Bacteria;D_1__Proteobacteria;D_2__Gammaproteobacteria;D_3__Thiohalorhabdales;D_4__Thiohalorhabdaceae	6.0	14.75	20.0	43.75	128.0	1.0	1.0	1.0	2.25	11.0	1.0	1.0	10.5	27.25	42.0	1.0	4.5	15.0	63.5	107.0	1.0	8.5	18.5	26.5	56.0	94.0	215.75	305.5	317.5	1270.0
D_0__Bacteria;D_1__Proteobacteria;D_2__Gammaproteobacteria;D_3__Thiomicrospirales;D_4__Thioglobaceae	1.0	12.0	28.0	58.75	82.0	1.0	1.0	1.0	1.0	38.0	1.0	1.0	1.0	1.5	32.0	1.0	1.0	1.0	1.0	1.0	1.0	1.0	1.0	1.0	1.0	1.0	1.0	1.0	1.0	8.0
D_0__Bacteria;D_1__Proteobacteria;D_2__Gammaproteobacteria;D_3__Thiomicrospirales;D_4__Thiomicrospiraceae	1.0	1.0	1.0	1.0	10.0	1.0	1.0	1.0	1.0	8.0	1.0	1.0	1.0	1.0	11.0	1.0	1.0	1.0	2.5	22.0	1.0	1.0	1.0	1.0	5.0	1.0	1.0	1.0	1.0	1.0
D_0__Bacteria;D_1__Proteobacteria;D_2__Gammaproteobacteria;D_3__Thiotrichales;D_4__Thiotrichaceae	1.0	13.0	25.5	57.0	237.0	1.0	1.0	7.0	18.25	31.0	10.0	24.5	37.5	47.0	69.0	56.0	68.0	78.0	117.5	168.0	1.0	1.0	1.0	1.0	7.0	1.0	1.0	11.5	17.5	31.0
D_0__Bacteria;D_1__Proteobacteria;D_2__Gammaproteobacteria;D_3__UBA10353 marine group;D_4__uncultured bacterium	1.0	1.0	1.0	6.0	40.0	1.0	1.0	1.0	1.0	9.0	1.0	1.0	1.0	1.0	27.0	1.0	1.0	1.0	1.0	26.0	1.0	1.0	1.0	1.0	1.0	1.0	1.0	1.0	1.0	10.0
D_0__Bacteria;D_1__Proteobacteria;D_2__Gammaproteobacteria;D_3__UBA10353 marine group;__	1.0	1.0	1.0	10.75	30.0	1.0	1.0	1.0	1.0	4.0	1.0	1.0	1.0	7.5	10.0	1.0	1.0	12.0	15.5	53.0	1.0	1.0	1.0	1.0	1.0	1.0	1.0	1.0	1.0	1.0
D_0__Bacteria;D_1__Proteobacteria;D_2__Gammaproteobacteria;D_3__UBA4486;Ambiguous_taxa	1.0	1.0	1.0	1.0	1.0	1.0	1.0	1.0	1.0	1.0	1.0	1.0	1.0	1.0	1.0	1.0	1.0	1.0	1.0	24.0	1.0	1.0	1.0	1.0	1.0	1.0	1.0	1.0	1.0	9.0
D_0__Bacteria;D_1__Proteobacteria;D_2__Gammaproteobacteria;D_3__Vibrionales;D_4__Vibrionaceae	362.0	891.5	1373.5	1572.0	3150.0	63.0	99.25	149.5	196.5	267.0	37.0	82.5	99.5	161.0	778.0	33.0	57.5	94.0	140.5	287.0	1.0	17.75	29.5	36.5	80.0	1.0	13.0	20.0	38.0	110.0
D_0__Bacteria;D_1__Proteobacteria;D_2__Gammaproteobacteria;D_3__Xanthomonadales;D_4__Rhodanobacteraceae	1.0	1.0	1.0	1.0	6.0	1.0	1.0	1.0	1.0	1.0	1.0	1.0	1.0	1.0	1.0	1.0	1.0	1.0	4.0	26.0	1.0	1.0	1.0	1.0	1.0	1.0	1.0	1.0	1.0	1.0
D_0__Bacteria;D_1__Proteobacteria;D_2__Gammaproteobacteria;D_3__Xanthomonadales;D_4__Xanthomonadaceae	1.0	1.0	1.0	5.75	78.0	1.0	1.0	1.0	1.0	6.0	1.0	1.0	1.0	1.0	1.0	1.0	1.0	1.0	1.0	1.0	1.0	1.0	1.0	1.0	1.0	1.0	1.0	1.0	1.0	1.0
D_0__Bacteria;D_1__Proteobacteria;D_2__Gammaproteobacteria;D_3__Xanthomonadales;__	1.0	1.0	1.0	1.0	1.0	1.0	1.0	1.0	1.0	1.0	1.0	1.0	1.0	1.0	1.0	1.0	1.0	1.0	1.0	4.0	1.0	1.0	1.0	1.0	1.0	1.0	1.0	1.0	1.0	1.0
D_0__Bacteria;D_1__Proteobacteria;D_2__Gammaproteobacteria;D_3__eub62A3;D_4__uncultured bacterium	1.0	1.0	1.0	1.0	1.0	1.0	1.0	1.0	1.0	8.0	1.0	1.0	1.0	1.0	1.0	1.0	1.0	1.0	1.0	1.0	1.0	1.0	1.0	1.0	1.0	1.0	1.0	1.0	1.0	1.0
D_0__Bacteria;D_1__Proteobacteria;D_2__Gammaproteobacteria;D_3__pItb-vmat-80;D_4__uncultured bacterium	1.0	1.0	1.0	12.25	31.0	1.0	1.0	1.0	1.0	1.0	1.0	1.0	1.0	1.0	1.0	1.0	1.0	1.0	5.5	28.0	1.0	1.0	1.0	1.0	1.0	1.0	1.0	1.0	1.0	9.0
D_0__Bacteria;D_1__Proteobacteria;D_2__Gammaproteobacteria;D_3__uncultured;Ambiguous_taxa	1.0	1.0	1.0	1.0	10.0	1.0	1.0	1.0	1.0	1.0	1.0	1.0	1.0	1.0	1.0	1.0	1.0	1.0	1.0	12.0	1.0	1.0	1.0	1.0	1.0	1.0	1.0	1.0	1.0	1.0
D_0__Bacteria;D_1__Proteobacteria;D_2__Gammaproteobacteria;D_3__uncultured;D_4__uncultured Thioalkalivibrio sp.	1.0	1.0	1.0	1.0	30.0	1.0	1.0	1.0	1.0	1.0	1.0	1.0	1.0	1.0	1.0	1.0	1.0	1.0	1.0	31.0	1.0	1.0	1.0	1.0	1.0	1.0	1.0	1.0	1.0	1.0
D_0__Bacteria;D_1__Proteobacteria;D_2__Gammaproteobacteria;D_3__uncultured;D_4__uncultured bacterium	1.0	1.0	1.0	8.0	24.0	1.0	1.0	1.0	1.0	1.0	1.0	1.0	1.0	3.25	35.0	1.0	1.0	1.0	6.5	32.0	1.0	1.0	1.0	1.0	21.0	1.0	1.0	4.0	26.0	155.0
D_0__Bacteria;D_1__Proteobacteria;D_2__Gammaproteobacteria;D_3__uncultured;__	1.0	1.0	4.0	9.5	15.0	1.0	1.0	1.0	1.0	8.0	1.0	1.0	1.0	1.75	14.0	1.0	1.0	6.0	21.0	129.0	1.0	1.0	1.0	1.0	7.0	1.0	1.0	3.0	11.75	28.0
D_0__Bacteria;D_1__Proteobacteria;D_2__Gammaproteobacteria;__;__	87.0	194.75	228.5	252.0	527.0	3.0	43.25	46.5	57.5	119.0	1.0	33.25	51.0	89.0	236.0	80.0	237.5	344.0	502.0	1007.0	13.0	21.75	27.0	42.5	67.0	68.0	112.0	219.5	282.0	323.0
D_0__Bacteria;D_1__Proteobacteria;D_2__Magnetococcia;D_3__Magnetococcales;D_4__Magnetococcaceae	1.0	1.0	1.0	1.0	10.0	1.0	1.0	1.0	1.0	1.0	1.0	1.0	1.0	1.0	1.0	1.0	1.0	1.0	1.0	1.0	1.0	1.0	1.0	1.0	1.0	1.0	1.0	1.0	1.0	1.0
D_0__Bacteria;D_1__Proteobacteria;D_2__Zetaproteobacteria;D_3__Mariprofundales;D_4__Mariprofundaceae	1.0	1.0	1.0	1.0	6.0	1.0	1.0	1.0	1.0	1.0	1.0	1.0	1.0	1.0	1.0	1.0	1.0	1.0	1.0	1.0	1.0	1.0	1.0	1.0	1.0	1.0	1.0	1.0	1.0	1.0
D_0__Bacteria;D_1__Proteobacteria;__;__;__	1.0	1.0	1.0	1.0	1.0	1.0	1.0	1.0	1.0	1.0	1.0	1.0	1.0	1.0	1.0	1.0	1.0	1.0	1.0	1.0	1.0	1.0	1.0	1.0	7.0	1.0	1.0	1.0	1.0	3.0
D_0__Bacteria;D_1__Spirochaetes;D_2__Leptospirae;D_3__Leptospirales;D_4__Leptospiraceae	1.0	1.0	1.0	1.0	1.0	1.0	1.0	1.0	1.0	1.0	1.0	1.0	1.0	1.0	6.0	1.0	1.0	1.0	1.0	1.0	1.0	1.0	1.0	1.0	1.0	1.0	1.0	1.0	1.0	1.0
D_0__Bacteria;D_1__Spirochaetes;D_2__Spirochaetia;D_3__Spirochaetales;D_4__Spirochaetaceae	1.0	1.0	7.0	9.5	28.0	1.0	1.0	1.0	1.0	5.0	1.0	1.0	1.0	4.5	12.0	1.0	1.0	1.0	1.0	4.0	1.0	1.0	1.0	1.0	1.0	1.0	1.0	1.0	1.0	1.0
D_0__Bacteria;D_1__Tenericutes;D_2__Mollicutes;D_3__Anaeroplasmatales;D_4__Anaeroplasmataceae	1.0	1.0	1.0	1.0	7.0	1.0	1.0	1.0	1.0	1.0	1.0	1.0	1.0	1.0	1.0	1.0	1.0	1.0	1.0	1.0	1.0	1.0	1.0	1.0	1.0	1.0	1.0	1.0	1.0	1.0
D_0__Bacteria;D_1__Tenericutes;D_2__Mollicutes;D_3__Entomoplasmatales;D_4__Entomoplasmatales Incertae Sedis	1.0	1.0	1.0	1.0	4.0	1.0	1.0	1.0	1.0	4.0	1.0	1.0	1.0	1.0	1.0	1.0	1.0	1.0	1.0	1.0	1.0	1.0	1.0	1.0	1.0	1.0	1.0	1.0	1.0	1.0
D_0__Bacteria;D_1__Tenericutes;D_2__Mollicutes;D_3__Izimaplasmatales;D_4__Izimaplasmataceae	1.0	1.0	1.0	1.0	7.0	1.0	1.0	1.0	1.0	5.0	1.0	1.0	1.0	1.0	1.0	1.0	1.0	1.0	1.0	1.0	1.0	1.0	1.0	1.0	1.0	1.0	1.0	1.0	1.0	1.0
D_0__Bacteria;D_1__Tenericutes;D_2__Mollicutes;D_3__Izimaplasmatales;D_4__uncultured bacterium	1.0	1.0	1.0	1.0	9.0	1.0	1.0	1.0	1.0	1.0	1.0	1.0	1.0	1.0	6.0	1.0	1.0	1.0	1.0	23.0	1.0	1.0	1.0	1.0	7.0	1.0	1.0	1.0	1.0	1.0
D_0__Bacteria;D_1__Tenericutes;D_2__Mollicutes;D_3__Mycoplasmatales;D_4__Mycoplasmataceae	1.0	1.0	1.0	1.0	9.0	1.0	1.0	1.0	2.0	7.0	1.0	1.0	1.0	1.0	6.0	1.0	1.0	1.0	1.0	1.0	1.0	1.0	1.0	1.0	3.0	1.0	1.0	1.0	1.0	1.0
D_0__Bacteria;D_1__Verrucomicrobia;D_2__Verrucomicrobiae;D_3__Pedosphaerales;D_4__Pedosphaeraceae	1.0	1.0	1.0	1.0	9.0	1.0	1.0	1.0	1.0	6.0	1.0	1.0	1.0	1.0	12.0	1.0	1.0	1.0	1.0	1.0	1.0	1.0	1.0	1.0	1.0	1.0	1.0	1.0	1.0	1.0
D_0__Bacteria;D_1__Verrucomicrobia;D_2__Verrucomicrobiae;D_3__Verrucomicrobiales;D_4__DEV007	1.0	1.0	1.0	1.0	8.0	1.0	1.0	1.0	1.0	1.0	1.0	1.0	1.0	1.0	1.0	1.0	1.0	1.0	1.0	6.0	1.0	1.0	1.0	1.0	1.0	1.0	1.0	1.0	1.0	1.0
D_0__Bacteria;D_1__Verrucomicrobia;D_2__Verrucomicrobiae;D_3__Verrucomicrobiales;D_4__Rubritaleaceae	1.0	1.0	1.0	1.0	5.0	1.0	1.0	1.0	1.0	1.0	1.0	1.0	1.0	1.0	1.0	1.0	1.0	1.0	1.0	1.0	1.0	1.0	1.0	1.0	1.0	1.0	1.0	1.0	1.0	1.0
D_0__Bacteria;D_1__Verrucomicrobia;D_2__Verrucomicrobiae;__;__	1.0	1.0	1.0	1.0	8.0	1.0	1.0	1.0	1.0	1.0	1.0	1.0	1.0	1.0	5.0	1.0	1.0	1.0	1.0	1.0	1.0	1.0	1.0	1.0	1.0	1.0	1.0	1.0	1.0	1.0
D_0__Bacteria;D_1__Zixibacteria;D_2__uncultured bacterium;D_3__uncultured bacterium;D_4__uncultured bacterium	1.0	1.0	1.0	1.0	1.0	1.0	1.0	1.0	1.0	6.0	1.0	1.0	1.0	1.0	9.0	1.0	1.0	1.0	1.0	1.0	1.0	1.0	1.0	1.0	1.0	1.0	1.0	1.0	1.0	1.0
D_0__Bacteria;__;__;__;__	1.0	1.0	1.0	5.0	28.0	1.0	1.0	1.0	5.25	8.0	1.0	1.0	3.0	14.5	36.0	1.0	1.0	1.0	1.0	1.0	1.0	1.0	1.0	1.0	1.0	1.0	1.0	1.0	1.0	1.0
